/*!40101 SET @OLD_CHARACTER_SET_CLIENT=@@CHARACTER_SET_CLIENT */;
/*!40101 SET @OLD_CHARACTER_SET_RESULTS=@@CHARACTER_SET_RESULTS */;
/*!40101 SET @OLD_COLLATION_CONNECTION=@@COLLATION_CONNECTION */;
/*!40101 SET NAMES utf8 */;
/*!40103 SET @OLD_TIME_ZONE=@@TIME_ZONE */;
/*!40103 SET TIME_ZONE='+00:00' */;
/*!40014 SET @OLD_FOREIGN_KEY_CHECKS=@@FOREIGN_KEY_CHECKS, FOREIGN_KEY_CHECKS=0 */;
/*!40101 SET @OLD_SQL_MODE=@@SQL_MODE, SQL_MODE='NO_AUTO_VALUE_ON_ZERO' */;
/*!40111 SET @OLD_SQL_NOTES=@@SQL_NOTES, SQL_NOTES=0 */;

DROP TABLE IF EXISTS `Season`;
CREATE TABLE IF NOT EXISTS `Season` (
  `SeasonId` int(11) NOT NULL AUTO_INCREMENT,
  `SeasonNameInvariant` varchar(50) DEFAULT NULL,
  `SeasonCode` varchar(50) DEFAULT 0,
  PRIMARY KEY (`SeasonId`)
) ENGINE=InnoDB AUTO_INCREMENT=0 DEFAULT CHARSET=utf8;

DELETE FROM `Season`;
INSERT INTO `Season` (`SeasonId`, `SeasonNameInvariant`, `SeasonCode`) VALUES
	(1,'Spring','SE1'), 
	(2,'Summer','SE2'), 
	(3,'Autumn','SE3'), 
	(4,'Winter','SE4'), 
	(5,'First Half','SE5'), 
	(6,'Latter Half','SE6'), 
	(7,'Spring & Summer','SE7'), 
	(8,'Summer & Autumn','SE8'), 
	(9,'Autumn & Winter','SE9'), 
	(10,'Winter & Spring','SE10');

DROP TABLE IF EXISTS `SeasonCulture`;
CREATE TABLE IF NOT EXISTS `SeasonCulture` (
  `SeasonCultureId` int(11) NOT NULL AUTO_INCREMENT,
  `SeasonId` int(11) NOT NULL DEFAULT 0,
  `CultureCode` varchar(50) DEFAULT NULL,
  `SeasonName` varchar(50) DEFAULT NULL,
  PRIMARY KEY (`SeasonCultureId`)
) ENGINE=InnoDB AUTO_INCREMENT=0 DEFAULT CHARSET=utf8;

INSERT INTO `SeasonCulture` (`SeasonCultureId`, `SeasonId`, `CultureCode`, `SeasonName`) VALUES
(1, 1 ,'EN', 'Spring'), 
(2, 1 ,'CHS', '春'), 
(3, 1 ,'CHT', '春'), 
(4, 2 ,'EN', 'Summer'), 
(5, 2 ,'CHS', '夏'), 
(6, 2 ,'CHT', '夏'), 
(7, 3 ,'EN', 'Autumn'), 
(8, 3 ,'CHS', '秋'), 
(9, 3 ,'CHT', '秋'), 
(10, 4 ,'EN', 'Winter'), 
(11, 4 ,'CHS', '冬'), 
(12, 4 ,'CHT', '冬'), 
(13, 5 ,'EN', 'First Half'), 
(14, 5 ,'CHS', '上半年'), 
(15, 5 ,'CHT', '上半年'), 
(16, 6 ,'EN', 'Latter Half'), 
(17, 6 ,'CHS', '下半年'), 
(18, 6 ,'CHT', '下半年'), 
(19, 7 ,'EN', 'Spring & Summer'), 
(20, 7 ,'CHS', '春夏'), 
(21, 7 ,'CHT', '春夏'), 
(22, 8 ,'EN', 'Summer & Autumn'), 
(23, 8 ,'CHS', '夏秋'), 
(24, 8 ,'CHT', '夏秋'), 
(25, 9 ,'EN', 'Autumn & Winter'), 
(26, 9 ,'CHS', '秋冬'), 
(27, 9 ,'CHT', '秋冬'), 
(28, 10 ,'EN', 'Winter & Spring'), 
(29, 10 ,'CHS', '冬春'), 
(30, 10 ,'CHT', '冬春');

DROP TABLE IF EXISTS `Badge`;
CREATE TABLE IF NOT EXISTS `Badge` (
  `BadgeId` int(11) NOT NULL AUTO_INCREMENT,
  `BadgeNameInvariant` varchar(50) DEFAULT NULL,
  `BadgeCode` varchar(50) DEFAULT 0,
  PRIMARY KEY (`BadgeId`)
) ENGINE=InnoDB AUTO_INCREMENT=0 DEFAULT CHARSET=utf8;

DELETE FROM `Badge`;
INSERT INTO `Badge` (`BadgeId`, `BadgeNameInvariant`, `BadgeCode`) VALUES
	(1,'New Arrival','BC1'), 
	(2,'Hot','BC2'), 
	(3,'On Sale','BC3'), 
	(4,'Free Shipping','BC4'), 
	(5,'Celebrities','BC5'), 
	(6,'Sweet','BC6'), 
	(7,'Elegant','BC6'), 
	(8,'Plump','BC7'), 
	(9,'Commuting','BC8'), 
	(10,'Business Casual','BC9'), 
	(11,'Haute Couture','BC10'), 
	(12,'Preppy','BC11'), 
	(13,'Cute and Sweet','BC12'), 
	(14,'Nautical','BC13'), 
	(15,'Urban','BC14'), 
	(16,'Hipster','BC12'), 
	(17,'Beachy','BC13'), 
	(18,'Military-Inspired/Camoflage','BC14'), 
	(19,'Structured','BC15'), 
	(20,'Lounge Wear','BC15'), 
	(21,'Classic/Sophisticated','BC16'), 
	(22,'Romantic','BC17'), 
	(23,'Color Blocking','BC18'), 
	(24,'Bauhaus','BC19'), 
	(25,'Tribal','BC20'), 
	(26,'Western','BC21'), 
	(27,'Formal','BC22'), 
	(28,'Vintage/Retro','BC23'), 
	(29,'Boho Chic','BC24'), 
	(30,'Active Wear','BC25'), 
	(31,'Rock Inspired','BC26'), 
	(32,'Gothic','BC27'); 


DROP TABLE IF EXISTS `BadgeCulture`;
CREATE TABLE IF NOT EXISTS `BadgeCulture` (
  `BadgeCultureId` int(11) NOT NULL AUTO_INCREMENT,
  `BadgeId` int(11) NOT NULL DEFAULT 0,
  `CultureCode` varchar(50) DEFAULT NULL,
  `BadgeName` varchar(50) DEFAULT 0,
  PRIMARY KEY (`BadgeCultureId`)
) ENGINE=InnoDB AUTO_INCREMENT=0 DEFAULT CHARSET=utf8;


DELETE FROM `BadgeCulture`;
INSERT INTO `BadgeCulture` (`BadgeCultureId`, `BadgeId`, `CultureCode`, `BadgeName`) VALUES
	(1, 1 ,'EN', 'New Arrival'), 
	(2, 1 ,'CHS', '新品上市'), 
	(3, 1 ,'CHT', '新品上市'), 
	(4, 2 ,'EN', 'Hot'), 
	(5, 2 ,'CHS', '热卖'), 
	(6, 2 ,'CHT', '熱賣'), 
	(7, 3 ,'EN', 'On Sale'), 
	(8, 3 ,'CHS', '折扣'), 
	(9, 3 ,'CHT', '折扣'), 
	(10, 4 ,'EN', 'Free Shipping'), 
	(11, 4 ,'CHS', '免运费'), 
	(12, 4 ,'CHT', '免運費'), 
	(13, 5 ,'EN', 'Celebrities'), 
	(14, 5 ,'CHS', '明星同款'), 
	(15, 5 ,'CHT', '明星同款'), 
	(16, 6 ,'EN', 'Sweet'), 
	(17, 6 ,'CHS', '甜美'), 
	(18, 6 ,'CHT', '甜美'), 
	(19, 7 ,'EN', 'Elegant'), 
	(20, 7 ,'CHS', '气质'), 
	(21, 7 ,'CHT', '氣質'), 
	(22, 8 ,'EN', 'Plump'), 
	(23, 8 ,'CHS', '性感'), 
	(24, 8 ,'CHT', '性感'), 
	(25, 9 ,'EN', 'Commuting'), 
	(26, 9 ,'CHS', '通勤'), 
	(27, 9 ,'CHT', '通勤'), 
	(28, 10 ,'EN', 'Business Casual'), 
	(29, 10 ,'CHS', '办公休闲'), 
	(30, 10 ,'CHT', '辦公休閒'), 
	(31, 11 ,'EN', 'Haute Couture'), 
	(32, 11 ,'CHS', '精品时尚'), 
	(33, 11 ,'CHT', '精品時尚'), 
	(34, 12 ,'EN', 'Preppy'), 
	(35, 12 ,'CHS', '校园风格'), 
	(36, 12 ,'CHT', '校園風格'), 
	(37, 13 ,'EN', 'Cute and Sweet'), 
	(38, 13 ,'CHS', '甜美清新'), 
	(39, 13 ,'CHT', '甜美清新'), 
	(40, 14 ,'EN', 'Nautical'), 
	(41, 14 ,'CHS', '航海风格'), 
	(42, 14 ,'CHT', '航海風格'), 
	(43, 15 ,'EN', 'Urban'), 
	(44, 15 ,'CHS', '城市之光'), 
	(45, 15 ,'CHT', '城市之光'), 
	(46, 16 ,'EN', 'Hipster'), 
	(47, 16 ,'CHS', '时尚达人'), 
	(48, 16 ,'CHT', '時尚達人'), 
	(49, 17 ,'EN', 'Beachy'), 
	(50, 17 ,'CHS', '纯净海滩'), 
	(51, 17 ,'CHT', '純淨海灘'), 
	(52, 18 ,'EN', 'Military-Inspired/Camoflage'), 
	(53, 18 ,'CHS', '军旅风格'), 
	(54, 18 ,'CHT', '軍旅風格'), 
	(55, 19 ,'EN', 'Structured'), 
	(56, 19 ,'CHS', '简单大方'), 
	(57, 19 ,'CHT', '簡單大方'), 
	(58, 20 ,'EN', 'Lounge Wear'), 
	(59, 20 ,'CHS', '居家休闲'), 
	(60, 20 ,'CHT', '居家休閒'), 
	(61, 21 ,'EN', 'Classic/Sophisticated'), 
	(62, 21 ,'CHS', '古典精致'), 
	(63, 21 ,'CHT', '古典精緻'), 
	(64, 22 ,'EN', 'Romantic'), 
	(65, 22 ,'CHS', '浪漫性感'), 
	(66, 22 ,'CHT', '浪漫性感'), 
	(67, 23 ,'EN', 'Color Blocking'), 
	(68, 23 ,'CHS', '炫彩撞色'), 
	(69, 23 ,'CHT', '炫彩撞色'), 
	(70, 24 ,'EN', 'Bauhaus'), 
	(71, 24 ,'CHS', '简约自然'), 
	(72, 24 ,'CHT', '簡約自認'), 
	(73, 25 ,'EN', 'Tribal'), 
	(74, 25 ,'CHS', '民族风格'), 
	(75, 25 ,'CHT', '民族風格'), 
	(76, 26 ,'EN', 'Western'), 
	(77, 26 ,'CHS', '西部潮流'), 
	(78, 26 ,'CHT', '西部潮流'), 
	(79, 27 ,'EN', 'Formal'), 
	(80, 27 ,'CHS', '正式場合'), 
	(81, 27 ,'CHT', '正式場合'), 
	(82, 28 ,'EN', 'Vintage/Retro'), 
	(83, 28 ,'CHS', '复古气息'), 
	(84, 28 ,'CHT', '復古氣息'), 
	(85, 29 ,'EN', 'Boho Chic'), 
	(86, 29 ,'CHS', '波希风情'), 
	(87, 29 ,'CHT', '波西風情'), 
	(88, 30 ,'EN', 'Active Wear'), 
	(89, 30 ,'CHS', '運動服飾'), 
	(90, 30 ,'CHT', '運動服飾'), 
	(91, 31 ,'EN', 'Rock Inspired'), 
	(92, 31 ,'CHS', '摇滚灵感'), 
	(93, 31 ,'CHT', '搖滾靈感'), 
	(94, 32 ,'EN', 'Gothic'), 
	(95, 32 ,'CHS', '哥特风'), 
	(96, 32 ,'CHT', '哥特風');


DROP TABLE IF EXISTS `ColorCulture`;
CREATE TABLE IF NOT EXISTS `ColorCulture` (
  `ColorCultureId` int(11) NOT NULL AUTO_INCREMENT,
  `ColorId` int(11) NOT NULL DEFAULT 0,
  `CultureCode` varchar(50) DEFAULT NULL,
  `ColorName` varchar(50) DEFAULT NULL,
  PRIMARY KEY (`ColorCultureId`)
) ENGINE=InnoDB AUTO_INCREMENT=0 DEFAULT CHARSET=utf8;

DELETE FROM `ColorCulture`;
INSERT INTO `ColorCulture` (`ColorCultureId`, `ColorId`, `CultureCode`, `ColorName`) VALUES
	(1, 1 ,'EN', 'Reds'),
	(2, 1 ,'CHS', '红色'),
	(3, 1 ,'CHT', '紅色'),
	(4, 2 ,'EN', 'Pinks'),
	(5, 2 ,'CHS', '粉红色'),
	(6, 2 ,'CHT', '粉紅色'),
	(7, 3 ,'EN', 'Oranges'),
	(8, 3 ,'CHS', '橙色'),
	(9, 3 ,'CHT', '橙色'),
	(10, 4 ,'EN', 'Yellows'),
	(11, 4 ,'CHS', '黄色'),
	(12, 4 ,'CHT', '黃色'),
	(13, 5 ,'EN', 'Greens'),
	(14, 5 ,'CHS', '绿色'),
	(15, 5 ,'CHT', '綠色'),
	(16, 6 ,'EN', 'Blues'),
	(17, 6 ,'CHS', '蓝色'),
	(18, 6 ,'CHT', '藍色'),
	(19, 7 ,'EN', 'Purples'),
	(20, 7 ,'CHS', '紫色'),
	(21, 7 ,'CHT', '紫色'),
	(22, 8 ,'EN', 'Browns'),
	(23, 8 ,'CHS', '棕色'),
	(24, 8 ,'CHT', '棕色'),
	(25, 9 ,'EN', 'Greys'),
	(26, 9 ,'CHS', '灰色'),
	(27, 9 ,'CHT', '灰色'),
	(28, 10 ,'EN', 'Whites'),
	(29, 10 ,'CHS', '白色'),
	(30, 10 ,'CHT', '白色'),
	(31, 11 ,'EN', 'Blacks'),
	(32, 11 ,'CHS', '黑色'),
	(33, 11 ,'CHT', '黑色'),
	(34, 12 ,'EN', 'Prints'),
	(35, 12 ,'CHS', '印花布'),
	(36, 12 ,'CHT', '印花布'),
	(37, 13 ,'EN', 'Strips'),
	(38, 13 ,'CHS', '斜紋'),
	(39, 13 ,'CHT', '斜紋'),
	(40, 14 ,'EN', 'Floral'),
	(41, 14 ,'CHS', '花卉图案'),
	(42, 14 ,'CHT', '花卉圖案'),
	(43, 15 ,'EN', 'Checks'),
	(44, 15 ,'CHS', '方格'),
	(45, 15 ,'CHT', '方格'),
	(46, 16 ,'EN', 'Dots'),
	(47, 16 ,'CHS', '圆点'),
	(48, 16 ,'CHT', '圓點');


DROP TABLE IF EXISTS `Brand`;
CREATE TABLE IF NOT EXISTS `Brand` (
  `BrandId` int(11) NOT NULL AUTO_INCREMENT,
  `BrandNameInvariant` varchar(50) DEFAULT NULL,
  `BrandCode` varchar(50) DEFAULT 0,
  PRIMARY KEY (`BrandId`)
) ENGINE=InnoDB AUTO_INCREMENT=0 DEFAULT CHARSET=utf8;

DELETE FROM `Brand`;
INSERT INTO `Brand` (`BrandId`, `BrandNameInvariant`, `BrandCode`) VALUES
	(1,':CHOCOOLATE','BR1' ), 
	(2,'5 CM','BR2' ), 
	(3,'7 For All Mankind','BR3' ), 
	(4,'Agatha','BR4' ), 
	(5,'agnes b.','BR5' ), 
	(6,'Ash','BR6' ), 
	(7,'b+ab','BR7' ), 
	(8,'Boss Orange','BR8' ), 
	(9,'CK Jeans','BR9' ), 
	(10,'CK Underwear','BR10' ), 
	(11,'Clarins','BR11' ), 
	(12,'Clinique','BR12' ), 
	(13,'Coach','BR13' ), 
	(14,'Daniel Wellington','BR14' ), 
	(15,'D-Mop','BR15' ), 
	(16,'ECCO','BR16' ), 
	(17,'EVISU','BR17' ), 
	(18,'Folli Follie','BR18' ), 
	(19,'Foreo Luna','BR19' ), 
	(20,'Gant','BR20' ), 
	(21,'Guess','BR21' ), 
	(22,'Hugo Boss','BR22' ), 
	(23,'I.T','BR23' ), 
	(24,'Issey Miyake','BR24' ), 
	(25,'izzue','BR25' ), 
	(26,'Jill Stuart','BR26' ), 
	(27,'Juicy Couture','BR27' ), 
	(28,'Jurlique','BR28' ), 
	(29,'Kipling','BR29' ), 
	(30,'Lacoste','BR30' ), 
	(31,'Lancome','BR31' ), 
	(32,'Liu Jo Uomo','BR32' ), 
	(33,'L\'Occitane','BR33' ), 
	(34,'Lush','BR34' ), 
	(35,'Mabelle','BR35' ), 
	(36,'Massimo Dutti','BR36' ), 
	(37,'Melissa','BR37' ), 
	(38,'MOUSSY','BR38' ), 
	(39,'O\'2nd','BR39' ), 
	(40,'Origins','BR40' ), 
	(41,'Parker','BR41' ), 
	(42,'Patrizia Pepe','BR42' ), 
	(43,'Pinko','BR43' ), 
	(44,'Ports 1961','BR44' ), 
	(45,'Ray-Ban','BR45' ), 
	(46,'Refa','BR46' ), 
	(47,'Salad','BR47' ), 
	(48,'Salvatore Ferragamo','BR48' ), 
	(49,'Sam Edelman','BR49' ), 
	(50,'Samantha','BR50' ), 
	(51,'Snidel','BR51' ), 
	(52,'Superdry','BR52' ), 
	(53,'Swarovski','BR53' ), 
	(54,'Tommy Hilfiger','BR54' ), 
	(55,'Tough Jeansmith','BR55' ), 
	(56,'UGG','BR56' );


DROP TABLE IF EXISTS `BrandCulture`;
CREATE TABLE IF NOT EXISTS `BrandCulture` (
  `BrandCultureId` int(11) NOT NULL AUTO_INCREMENT,
  `BrandId` int(11) DEFAULT NULL,
  `CultureCode` varchar(50) DEFAULT NULL,
  `BrandName` varchar(50) DEFAULT NULL,
  PRIMARY KEY (`BrandCultureId`)
) ENGINE=InnoDB AUTO_INCREMENT=0 DEFAULT CHARSET=utf8;

DELETE FROM `BrandCulture`;
INSERT INTO `BrandCulture` (`BrandCultureId`, `BrandId`, `CultureCode`, `BrandName`) VALUES
	(1, 1 ,'EN', ':CHOCOOLATE' ), 
	(2, 1 ,'CHS', ':CHOCOOLATE' ), 
	(3, 1 ,'CHT', ':CHOCOOLATE' ), 
	(4, 2 ,'EN', '5 CM' ), 
	(5, 2 ,'CHS', '5CM' ), 
	(6, 2 ,'CHT', '5CM' ), 
	(7, 3 ,'EN', '7 For All Mankind' ), 
	(8, 3 ,'CHS', '賽文·弗奧曼德' ), 
	(9, 3 ,'CHT', '赛文·弗奥曼德' ), 
	(10, 4 ,'EN', 'Agatha' ), 
	(11, 4 ,'CHS', '璦嘉莎' ), 
	(12, 4 ,'CHT', '瑷嘉莎' ), 
	(13, 5 ,'EN', 'agnès b.' ), 
	(14, 5 ,'CHS', '阿尼亞斯貝' ), 
	(15, 5 ,'CHT', '阿尼亚斯贝' ), 
	(16, 6 ,'EN', 'Ash' ), 
	(17, 6 ,'CHS', '艾熙' ), 
	(18, 6 ,'CHT', '艾熙' ), 
	(19, 7 ,'EN', 'b+ab' ), 
	(20, 7 ,'CHS', 'b+ab' ), 
	(21, 7 ,'CHT', 'b+ab' ), 
	(22, 8 ,'EN', 'Boss Orange' ), 
	(23, 8 ,'CHS', '波士橙色' ), 
	(24, 8 ,'CHT', '波士橙色' ), 
	(25, 9 ,'EN', 'CK Jeans' ), 
	(26, 9 ,'CHS', '卡爾文•克萊恩牛仔' ), 
	(27, 9 ,'CHT', '卡尔文•克莱恩牛仔' ), 
	(28, 10 ,'EN', 'CK Underwear' ), 
	(29, 10 ,'CHS', '卡爾文•克萊恩內衣' ), 
	(30, 10 ,'CHT', '卡尔文•克莱恩内衣' ), 
	(31, 11 ,'EN', 'Clarins' ), 
	(32, 11 ,'CHS', '嬌韻詩' ), 
	(33, 11 ,'CHT', '娇韵诗' ), 
	(34, 12 ,'EN', 'Clinique' ), 
	(35, 12 ,'CHS', '倩碧' ), 
	(36, 12 ,'CHT', '倩碧' ), 
	(37, 13 ,'EN', 'Coach' ), 
	(38, 13 ,'CHS', '蔻馳' ), 
	(39, 13 ,'CHT', '蔻驰' ), 
	(40, 14 ,'EN', 'Daniel Wellington' ), 
	(41, 14 ,'CHS', '丹尼爾·惠靈頓' ), 
	(42, 14 ,'CHT', '丹尼尔·惠灵顿' ), 
	(43, 15 ,'EN', 'D-Mop' ), 
	(44, 15 ,'CHS', 'D-mop' ), 
	(45, 15 ,'CHT', 'D-mop' ), 
	(46, 16 ,'EN', 'ECCO' ), 
	(47, 16 ,'CHS', '暇步士' ), 
	(48, 16 ,'CHT', '暇步士' ), 
	(49, 17 ,'EN', 'EVISU' ), 
	(50, 17 ,'CHS', '東京大阪' ), 
	(51, 17 ,'CHT', '东京大阪' ), 
	(52, 18 ,'EN', 'Folli Follie' ), 
	(53, 18 ,'CHS', '芙麗芙麗' ), 
	(54, 18 ,'CHT', '芙丽芙丽' ), 
	(55, 19 ,'EN', 'Foreo Luna' ), 
	(56, 19 ,'CHS', '斐珞爾' ), 
	(57, 19 ,'CHT', '斐珞尔' ), 
	(58, 20 ,'EN', 'Gant' ), 
	(59, 20 ,'CHS', 'Gant' ), 
	(60, 20 ,'CHT', 'Gant' ), 
	(61, 21 ,'EN', 'Guess' ), 
	(62, 21 ,'CHS', 'Guess' ), 
	(63, 21 ,'CHT', 'Guess' ), 
	(64, 22 ,'EN', 'Hugo Boss' ), 
	(65, 22 ,'CHS', '胡戈•波士' ), 
	(66, 22 ,'CHT', '胡戈•波士' ), 
	(67, 23 ,'EN', 'I.T' ), 
	(68, 23 ,'CHS', 'I.T' ), 
	(69, 23 ,'CHT', 'I.T' ), 
	(70, 24 ,'EN', 'Issey Miyake' ), 
	(71, 24 ,'CHS', '三宅一生' ), 
	(72, 24 ,'CHT', '三宅一生' ), 
	(73, 25 ,'EN', 'izzue' ), 
	(74, 25 ,'CHS', '伊蘇' ), 
	(75, 25 ,'CHT', '伊苏' ), 
	(76, 26 ,'EN', 'Jill Stuart' ), 
	(77, 26 ,'CHS', '吉爾·斯圖亞特' ), 
	(78, 26 ,'CHT', '吉尔·斯图亚特' ), 
	(79, 27 ,'EN', 'Juicy Couture' ), 
	(80, 27 ,'CHS', '橘滋' ), 
	(81, 27 ,'CHT', '橘滋' ), 
	(82, 28 ,'EN', 'Jurlique' ), 
	(83, 28 ,'CHS', '茱麗' ), 
	(84, 28 ,'CHT', '茱丽' ), 
	(85, 29 ,'EN', 'Kipling' ), 
	(86, 29 ,'CHS', '吉普林' ), 
	(87, 29 ,'CHT', '吉普林' ), 
	(88, 30 ,'EN', 'Lacoste' ), 
	(89, 30 ,'CHS', '鱷魚' ), 
	(90, 30 ,'CHT', '鳄鱼' ), 
	(91, 31 ,'EN', 'Lancome' ), 
	(92, 31 ,'CHS', '蘭蔻' ), 
	(93, 31 ,'CHT', '兰蔻' ), 
	(94, 32 ,'EN', 'Liu Jo Uomo' ), 
	(95, 32 ,'CHS', '瑠久LIU.JO' ), 
	(96, 32 ,'CHT', '瑠久LIU.JO' ), 
	(97, 33 ,'EN', 'L\'Occitane' ), 
	(98, 33 ,'CHS', '歐舒丹' ), 
	(99, 33 ,'CHT', '欧舒丹' ), 
	(100, 34 ,'EN', 'Lush' ), 
	(101, 34 ,'CHS', '露詩' ), 
	(102, 34 ,'CHT', '露诗' ), 
	(103, 35 ,'EN', 'Mabelle' ), 
	(104, 35 ,'CHS', '瑪貝爾' ), 
	(105, 35 ,'CHT', '玛贝尔' ), 
	(106, 36 ,'EN', 'Massimo Dutti' ), 
	(107, 36 ,'CHS', 'Massimo Dutti' ), 
	(108, 36 ,'CHT', 'Massimo Dutti' ), 
	(109, 37 ,'EN', 'Melissa' ), 
	(110, 37 ,'CHS', '梅麗莎' ), 
	(111, 37 ,'CHT', '梅丽莎' ), 
	(112, 38 ,'EN', 'MOUSSY' ), 
	(113, 38 ,'CHS', '摩西' ), 
	(114, 38 ,'CHT', '摩西' ), 
	(115, 39 ,'EN', 'O\'2nd' ), 
	(116, 39 ,'CHS', 'O\'2nd' ), 
	(117, 39 ,'CHT', 'O\'2nd' ), 
	(118, 40 ,'EN', 'Origins' ), 
	(119, 40 ,'CHS', '悅木之源' ), 
	(120, 40 ,'CHT', '悦木之源' ), 
	(121, 41 ,'EN', 'Parker' ), 
	(122, 41 ,'CHS', '伊迪·帕克' ), 
	(123, 41 ,'CHT', '伊迪·帕克' ), 
	(124, 42 ,'EN', 'Patrizia Pepe' ), 
	(125, 42 ,'CHS', '柏翠莎·佩佩' ), 
	(126, 42 ,'CHT', '柏翠莎·佩佩' ), 
	(127, 43 ,'EN', 'Pinko' ), 
	(128, 43 ,'CHS', '品高' ), 
	(129, 43 ,'CHT', '品高' ), 
	(130, 44 ,'EN', 'Ports 1961' ), 
	(131, 44 ,'CHS', '寶姿' ), 
	(132, 44 ,'CHT', '宝姿' ), 
	(133, 45 ,'EN', 'Ray-Ban' ), 
	(134, 45 ,'CHS', '雷朋' ), 
	(135, 45 ,'CHT', '雷朋' ), 
	(136, 46 ,'EN', 'Refa' ), 
	(137, 46 ,'CHS', 'Refa' ), 
	(138, 46 ,'CHT', 'Refa' ), 
	(139, 47 ,'EN', 'Salad' ), 
	(140, 47 ,'CHS', 'Salad' ), 
	(141, 47 ,'CHT', 'Salad' ), 
	(142, 48 ,'EN', 'Salvatore Ferragamo' ), 
	(143, 48 ,'CHS', '薩爾瓦多' ), 
	(144, 48 ,'CHT', '萨尔瓦多·菲拉格慕' ), 
	(145, 49 ,'EN', 'Sam Edelman' ), 
	(146, 49 ,'CHS', 'Sam Edelman' ), 
	(147, 49 ,'CHT', 'Sam Edelman' ), 
	(148, 50 ,'EN', 'Samantha' ), 
	(149, 50 ,'CHS', '薩曼莎' ), 
	(150, 50 ,'CHT', '萨曼莎' ), 
	(151, 51 ,'EN', 'Snidel' ), 
	(152, 51 ,'CHS', 'Snidel' ), 
	(153, 51 ,'CHT', 'Snidel' ), 
	(154, 52 ,'EN', 'Superdry' ), 
	(155, 52 ,'CHS', 'Superdry' ), 
	(156, 52 ,'CHT', 'Superdry' ), 
	(157, 53 ,'EN', 'Swarovski' ), 
	(158, 53 ,'CHS', '施華洛世奇' ), 
	(159, 53 ,'CHT', '施华洛世奇' ), 
	(160, 54 ,'EN', 'Tommy Hilfiger' ), 
	(161, 54 ,'CHS', '湯米·希爾費格' ), 
	(162, 54 ,'CHT', '汤米·希尔费格' ), 
	(163, 55 ,'EN', 'Tough Jeansmith' ), 
	(164, 55 ,'CHS', 'Tough Jeansmith' ), 
	(165, 55 ,'CHT', 'Tough Jeansmith' ), 
	(166, 56 ,'EN', 'UGG' ), 
	(167, 56 ,'CHS', 'UGG' ), 
	(168, 56 ,'CHT', 'UGG' );


DROP TABLE IF EXISTS `Size`;
CREATE TABLE `Size` (
  `SizeId` int(11) NOT NULL AUTO_INCREMENT,
  `SizeCode` varchar(50) DEFAULT 0,
  `SizeNameInvariant` varchar(50) DEFAULT NULL,
  `SizeGroup` varchar(50) DEFAULT NULL,
  PRIMARY KEY (`SizeId`)
) ENGINE=InnoDB AUTO_INCREMENT=0 DEFAULT CHARSET=utf8;

DELETE FROM `Size`;
INSERT INTO `Size` (`SizeId`, `SizeCode`, `SizeGroup`, `SizeNameInvariant`) VALUES
( 1 ,'SZ1','Apparel','XS' ), 
( 2 ,'SZ2','Apparel','S' ), 
( 3 ,'SZ3','Apparel','M' ), 
( 4 ,'SZ4','Apparel','L' ), 
( 5 ,'SZ5','Apparel','XL' ), 
( 6 ,'SZ6','Apparel','XXL' ), 
( 7 ,'SZ7','Apparel','XXXL' ), 
( 8 ,'SZ8','Apparel','XXXXL' ), 
( 9 ,'SZ9','Apparel','XXXXXL' ), 
( 10 ,'SZ10','Apparel','2' ), 
( 11 ,'SZ11','Apparel','4' ), 
( 12 ,'SZ12','Apparel','6' ), 
( 13 ,'SZ13','Apparel','8' ), 
( 14 ,'SZ14','Apparel','10' ), 
( 15 ,'SZ15','Apparel','12' ), 
( 16 ,'SZ16','Apparel','14' ), 
( 17 ,'SZ17','Apparel','16' ), 
( 18 ,'SZ18','Apparel','18' ), 
( 19 ,'SZ19','Apparel','20' ), 
( 20 ,'SZ20','Apparel','22' ), 
( 21 ,'SZ21','Apparel','24' ), 
( 22 ,'SZ22','Apparel','26' ), 
( 23 ,'SZ23','Apparel','28' ), 
( 24 ,'SZ24','Apparel','30' ), 
( 25 ,'SZ25','Apparel','32' ), 
( 26 ,'SZ26','Apparel','34' ), 
( 27 ,'SZ27','Apparel','36' ), 
( 28 ,'SZ28','Apparel','38' ), 
( 29 ,'SZ29','Apparel','40' ), 
( 30 ,'SZ30','Apparel','42' ), 
( 31 ,'SZ31','Apparel','44' ), 
( 32 ,'SZ32','Apparel','46' ), 
( 33 ,'SZ33','Apparel','48' ), 
( 34 ,'SZ34','Apparel','50' ), 
( 35 ,'SZ35','Apparel','52' ), 
( 36 ,'SZ36','Apparel','54' ), 
( 37 ,'SZ37','Apparel','56' ), 
( 38 ,'SZ38','Apparel','58' ), 
( 39 ,'SZ39','Apparel','60' ), 
( 40 ,'SZ140','Bra','8AA' ), 
( 41 ,'SZ141','Bra','8A' ), 
( 42 ,'SZ142','Bra','8B' ), 
( 43 ,'SZ143','Bra','8C' ), 
( 44 ,'SZ144','Bra','8D' ), 
( 45 ,'SZ145','Bra','8DD' ), 
( 46 ,'SZ146','Bra','10AA' ), 
( 47 ,'SZ147','Bra','10A' ), 
( 48 ,'SZ148','Bra','10B' ), 
( 49 ,'SZ149','Bra','10C' ), 
( 50 ,'SZ150','Bra','10D' ), 
( 51 ,'SZ151','Bra','10DD' ), 
( 52 ,'SZ152','Bra','10E' ), 
( 53 ,'SZ153','Bra','10F' ), 
( 54 ,'SZ154','Bra','10G' ), 
( 55 ,'SZ155','Bra','12AA' ), 
( 56 ,'SZ156','Bra','12A' ), 
( 57 ,'SZ157','Bra','12B' ), 
( 58 ,'SZ158','Bra','12C' ), 
( 59 ,'SZ159','Bra','12D' ), 
( 60 ,'SZ160','Bra','12DD' ), 
( 61 ,'SZ161','Bra','12E' ), 
( 62 ,'SZ162','Bra','12F' ), 
( 63 ,'SZ163','Bra','12G' ), 
( 64 ,'SZ164','Bra','14A' ), 
( 65 ,'SZ165','Bra','14B' ), 
( 66 ,'SZ166','Bra','14C' ), 
( 67 ,'SZ167','Bra','14D' ), 
( 68 ,'SZ168','Bra','14DD' ), 
( 69 ,'SZ169','Bra','14E' ), 
( 70 ,'SZ170','Bra','14F' ), 
( 71 ,'SZ171','Bra','14G' ), 
( 72 ,'SZ172','Bra','16B' ), 
( 73 ,'SZ173','Bra','16C' ), 
( 74 ,'SZ174','Bra','16D' ), 
( 75 ,'SZ175','Bra','16DD' ), 
( 76 ,'SZ176','Bra','16E' ), 
( 77 ,'SZ177','Bra','16F' ), 
( 78 ,'SZ178','Bra','18C' ), 
( 79 ,'SZ179','Bra','18D' ), 
( 80 ,'SZ180','Bra','18DD' ), 
( 81 ,'SZ181','Bra','18E' ), 
( 82 ,'SZ182','Bra','18F' ), 
( 83 ,'SZ183','Bra','18G' ), 
( 84 ,'SZ184','Bra','20D' ), 
( 85 ,'SZ185','Bra','20DD' ), 
( 86 ,'SZ186','Bra','20E' ), 
( 87 ,'SZ187','Bra','20F' ), 
( 88 ,'SZ188','Bra','20G' ), 
( 89 ,'SZ189','Bra','22D' ), 
( 90 ,'SZ190','Bra','22DD' ), 
( 91 ,'SZ191','Bra','22E' ), 
( 92 ,'SZ192','Bra','22F' ), 
( 93 ,'SZ193','Bra','30AA' ), 
( 94 ,'SZ194','Bra','30A' ), 
( 95 ,'SZ195','Bra','30B' ), 
( 96 ,'SZ196','Bra','30C' ), 
( 97 ,'SZ197','Bra','30D' ), 
( 98 ,'SZ198','Bra','30DD' ), 
( 99 ,'SZ199','Bra','32AA' ), 
( 100 ,'SZ200','Bra','32A' ), 
( 101 ,'SZ201','Bra','32B' ), 
( 102 ,'SZ202','Bra','32C' ), 
( 103 ,'SZ203','Bra','32D' ), 
( 104 ,'SZ204','Bra','32DD' ), 
( 105 ,'SZ205','Bra','32DDD/F' ), 
( 106 ,'SZ206','Bra','32F' ), 
( 107 ,'SZ207','Bra','32G' ), 
( 108 ,'SZ208','Bra','34AA' ), 
( 109 ,'SZ209','Bra','34A' ), 
( 110 ,'SZ210','Bra','34B' ), 
( 111 ,'SZ211','Bra','34C' ), 
( 112 ,'SZ212','Bra','34D' ), 
( 113 ,'SZ213','Bra','34DD' ), 
( 114 ,'SZ214','Bra','34DDD/E' ), 
( 115 ,'SZ215','Bra','34F' ), 
( 116 ,'SZ216','Bra','34G' ), 
( 117 ,'SZ217','Bra','36A' ), 
( 118 ,'SZ218','Bra','36B' ), 
( 119 ,'SZ219','Bra','36C' ), 
( 120 ,'SZ220','Bra','36D' ), 
( 121 ,'SZ221','Bra','36DD' ), 
( 122 ,'SZ222','Bra','36DDD/E' ), 
( 123 ,'SZ223','Bra','36F' ), 
( 124 ,'SZ224','Bra','36G' ), 
( 125 ,'SZ225','Bra','38B' ), 
( 126 ,'SZ226','Bra','38C' ), 
( 127 ,'SZ227','Bra','38D' ), 
( 128 ,'SZ228','Bra','38DD' ), 
( 129 ,'SZ229','Bra','38DDD/E' ), 
( 130 ,'SZ230','Bra','38F' ), 
( 131 ,'SZ231','Bra','40C' ), 
( 132 ,'SZ232','Bra','40D' ), 
( 133 ,'SZ233','Bra','40DD' ), 
( 134 ,'SZ234','Bra','40DDD/E' ), 
( 135 ,'SZ235','Bra','40F' ), 
( 136 ,'SZ236','Bra','40G' ), 
( 137 ,'SZ237','Bra','42C' ), 
( 138 ,'SZ238','Bra','42DD' ), 
( 139 ,'SZ239','Bra','42DDD/E' ), 
( 140 ,'SZ240','Bra','42F' ), 
( 141 ,'SZ241','Bra','42G' ), 
( 142 ,'SZ242','Bra','44D' ), 
( 143 ,'SZ243','Bra','44DD' ), 
( 144 ,'SZ244','Bra','44DDD/E' ), 
( 145 ,'SZ245','Bra','44F' ), 
( 146 ,'SZ246','Bra','44G' ), 
( 147 ,'SZ247','Bra','65A' ), 
( 148 ,'SZ248','Bra','65B' ), 
( 149 ,'SZ249','Bra','65C' ), 
( 150 ,'SZ250','Bra','65D' ), 
( 151 ,'SZ251','Bra','65E' ), 
( 152 ,'SZ252','Bra','65F' ), 
( 153 ,'SZ253','Bra','70A' ), 
( 154 ,'SZ254','Bra','70B' ), 
( 155 ,'SZ255','Bra','70C' ), 
( 156 ,'SZ256','Bra','70D' ), 
( 157 ,'SZ257','Bra','70E' ), 
( 158 ,'SZ258','Bra','70F' ), 
( 159 ,'SZ259','Bra','70G' ), 
( 160 ,'SZ260','Bra','70H' ), 
( 161 ,'SZ261','Bra','70I' ), 
( 162 ,'SZ262','Bra','75A' ), 
( 163 ,'SZ263','Bra','75B' ), 
( 164 ,'SZ264','Bra','75C' ), 
( 165 ,'SZ265','Bra','75D' ), 
( 166 ,'SZ266','Bra','75E' ), 
( 167 ,'SZ267','Bra','75F' ), 
( 168 ,'SZ268','Bra','75G' ), 
( 169 ,'SZ269','Bra','75H' ), 
( 170 ,'SZ270','Bra','75I' ), 
( 171 ,'SZ271','Bra','80A' ), 
( 172 ,'SZ272','Bra','80B' ), 
( 173 ,'SZ273','Bra','80C' ), 
( 174 ,'SZ274','Bra','80D' ), 
( 175 ,'SZ275','Bra','80E' ), 
( 176 ,'SZ276','Bra','80F' ), 
( 177 ,'SZ277','Bra','80G' ), 
( 178 ,'SZ278','Bra','80H' ), 
( 179 ,'SZ279','Bra','80I' ), 
( 180 ,'SZ280','Bra','85A' ), 
( 181 ,'SZ281','Bra','85B' ), 
( 182 ,'SZ282','Bra','85C' ), 
( 183 ,'SZ283','Bra','85D' ), 
( 184 ,'SZ284','Bra','85E' ), 
( 185 ,'SZ285','Bra','85F' ), 
( 186 ,'SZ286','Bra','85G' ), 
( 187 ,'SZ287','Bra','85H' ), 
( 188 ,'SZ288','Bra','90A' ), 
( 189 ,'SZ289','Bra','90B' ), 
( 190 ,'SZ290','Bra','90D' ), 
( 191 ,'SZ291','Bra','90E' ), 
( 192 ,'SZ292','Bra','90F' ), 
( 193 ,'SZ293','Bra','90G' ), 
( 194 ,'SZ294','Bra','90H' ), 
( 195 ,'SZ295','Bra','90I' ), 
( 196 ,'SZ296','Bra','95A' ), 
( 197 ,'SZ297','Bra','95B' ), 
( 198 ,'SZ298','Bra','95C' ), 
( 199 ,'SZ299','Bra','95D' ), 
( 200 ,'SZ300','Bra','95E' ), 
( 201 ,'SZ301','Bra','95F' ), 
( 202 ,'SZ302','Bra','95G' ), 
( 203 ,'SZ303','Bra','95H' ), 
( 204 ,'SZ304','Bra','951' ), 
( 205 ,'SZ305','Bra','100C' ), 
( 206 ,'SZ306','Bra','100D' ), 
( 207 ,'SZ307','Bra','100E' ), 
( 208 ,'SZ308','Bra','100F' ), 
( 209 ,'SZ309','Bra','100G' ), 
( 210 ,'SZ310','Bra','100H' ), 
( 211 ,'SZ311','Bra','105D' ), 
( 212 ,'SZ312','Bra','105E' ), 
( 213 ,'SZ313','Bra','105F' ), 
( 214 ,'SZ314','Bra','105G' ), 
( 215 ,'SZ315','Bra','105H' ), 
( 216 ,'SZ316','Bra','105I' ), 
( 217 ,'SZ317','Bra','110E' ), 
( 218 ,'SZ318','Bra','110F' ), 
( 219 ,'SZ319','Bra','110G' ), 
( 220 ,'SZ320','Bra','110H' ), 
( 221 ,'SZ321','Bra','110I' ), 
( 222 ,'SZ322','Bra','115E' ), 
( 223 ,'SZ323','Bra','115F' ), 
( 224 ,'SZ324','Bra','115G' ), 
( 225 ,'SZ325','Bra','115H' ), 
( 226 ,'SZ326','Pantries','XS' ), 
( 227 ,'SZ327','Pantries','S' ), 
( 228 ,'SZ328','Pantries','M' ), 
( 229 ,'SZ329','Pantries','L' ), 
( 230 ,'SZ330','Pantries','XL' ), 
( 231 ,'SZ331','Pantries','XXL' ), 
( 232 ,'SZ332','Pantries','XXXL' ), 
( 233 ,'SZ333','Pantries','XXXXL' ), 
( 234 ,'SZ334','Pantries','XXXXXL' ), 
( 235 ,'SZ335','Pantries','XXXXXXL' ), 
( 236 ,'SZ336','Pantries','XXXXXXXL' ), 
( 237 ,'SZ337','Pantries','XXXXXXXXL' ), 
( 238 ,'SZ338','Pantries','4' ), 
( 239 ,'SZ339','Pantries','5' ), 
( 240 ,'SZ340','Pantries','6' ), 
( 241 ,'SZ341','Pantries','7' ), 
( 242 ,'SZ342','Pantries','8' ), 
( 243 ,'SZ343','Pantries','9' ), 
( 244 ,'SZ344','Pantries','10' ), 
( 245 ,'SZ345','Pantries','11' ), 
( 246 ,'SZ346','Pantries','12' ), 
( 247 ,'SZ347','Pantries','13' ), 
( 248 ,'SZ348','Pantries','14' ), 
( 249 ,'SZ349','Pantries','15' ), 
( 250 ,'SZ350','Pantries','16' ), 
( 251 ,'SZ351','Pantries','17' ), 
( 252 ,'SZ352','Pantries','18' ), 
( 253 ,'SZ353','Shoes - Woman','2' ), 
( 254 ,'SZ354','Shoes - Woman','2.5' ), 
( 255 ,'SZ355','Shoes - Woman','3' ), 
( 256 ,'SZ356','Shoes - Woman','3.5' ), 
( 257 ,'SZ357','Shoes - Woman','4' ), 
( 258 ,'SZ358','Shoes - Woman','4.5' ), 
( 259 ,'SZ359','Shoes - Woman','5' ), 
( 260 ,'SZ360','Shoes - Woman','5.5' ), 
( 261 ,'SZ361','Shoes - Woman','6' ), 
( 262 ,'SZ362','Shoes - Woman','6.5' ), 
( 263 ,'SZ363','Shoes - Woman','7' ), 
( 264 ,'SZ364','Shoes - Woman','7.5' ), 
( 265 ,'SZ365','Shoes - Woman','8' ), 
( 266 ,'SZ366','Shoes - Woman','8.5' ), 
( 267 ,'SZ367','Shoes - Woman','9' ), 
( 268 ,'SZ368','Shoes - Woman','9.5' ), 
( 269 ,'SZ369','Shoes - Woman','10' ), 
( 270 ,'SZ370','Shoes - Woman','10.5' ), 
( 271 ,'SZ371','Shoes - Woman','11' ), 
( 272 ,'SZ372','Shoes - Woman','11.5' ), 
( 273 ,'SZ373','Shoes - Woman','12' ), 
( 274 ,'SZ374','Shoes - Woman','35' ), 
( 275 ,'SZ375','Shoes - Woman','35.5' ), 
( 276 ,'SZ376','Shoes - Woman','36' ), 
( 277 ,'SZ377','Shoes - Woman','36.5' ), 
( 278 ,'SZ378','Shoes - Woman','37' ), 
( 279 ,'SZ379','Shoes - Woman','37.5' ), 
( 280 ,'SZ380','Shoes - Woman','38' ), 
( 281 ,'SZ381','Shoes - Woman','38.5' ), 
( 282 ,'SZ382','Shoes - Woman','39' ), 
( 283 ,'SZ383','Shoes - Woman','39.5' ), 
( 284 ,'SZ384','Shoes - Woman','40' ), 
( 285 ,'SZ385','Shoes - Woman','40.5' ), 
( 286 ,'SZ386','Shoes - Woman','41' ), 
( 287 ,'SZ387','Shoes - Woman','41.5' ), 
( 288 ,'SZ388','Shoes - Woman','42' ), 
( 289 ,'SZ389','Shoes - Woman','42.5' ), 
( 290 ,'SZ390','Shoes - Woman','43' ), 
( 291 ,'SZ391','Shoes - Woman','43.5' ), 
( 292 ,'SZ392','Shoes - Woman','44' ), 
( 293 ,'SZ393','Shoes - Woman','44.5' ), 
( 294 ,'SZ394','Shoes - Woman','45' ), 
( 295 ,'SZ395','Shoes - Woman','45.5' ), 
( 296 ,'SZ396','Shoes - Woman','46' ), 
( 297 ,'SZ397','Shoes - Woman','46.5' ), 
( 298 ,'SZ398','Shoes - Woman','47' ), 
( 299 ,'SZ399','Shoes - Woman','47.5' ), 
( 300 ,'SZ400','Shoes - Woman','48' ), 
( 301 ,'SZ401','Shoes - Woman','48.5' ), 
( 302 ,'SZ402','Shoes - Woman','49' ), 
( 303 ,'SZ403','Shoes - Woman','49.5' ), 
( 304 ,'SZ404','Shoes - Woman','50' ), 
( 305 ,'SZ405','Rings','0' ), 
( 306 ,'SZ406','Rings','4-Jan' ), 
( 307 ,'SZ407','Rings','2-Jan' ), 
( 308 ,'SZ408','Rings','4-Mar' ), 
( 309 ,'SZ409','Rings','1' ), 
( 310 ,'SZ410','Rings','1 1/4' ), 
( 311 ,'SZ411','Rings','1 1/2' ), 
( 312 ,'SZ412','Rings','1 3/4' ), 
( 313 ,'SZ413','Rings','2' ), 
( 314 ,'SZ414','Rings','2 1/4' ), 
( 315 ,'SZ415','Rings','2 1/2' ), 
( 316 ,'SZ416','Rings','2 3/4' ), 
( 317 ,'SZ417','Rings','3' ), 
( 318 ,'SZ418','Rings','3 1/4' ), 
( 319 ,'SZ419','Rings','3 1/2' ), 
( 320 ,'SZ420','Rings','3 3/4' ), 
( 321 ,'SZ421','Rings','4' ), 
( 322 ,'SZ422','Rings','4 1/4' ), 
( 323 ,'SZ423','Rings','4 1/2' ), 
( 324 ,'SZ424','Rings','4 3/4' ), 
( 325 ,'SZ425','Rings','5' ), 
( 326 ,'SZ426','Rings','5 1/4' ), 
( 327 ,'SZ427','Rings','5 1/2' ), 
( 328 ,'SZ428','Rings','5 3/4' ), 
( 329 ,'SZ429','Rings','6' ), 
( 330 ,'SZ430','Rings','6 1/4' ), 
( 331 ,'SZ431','Rings','6 1/2' ), 
( 332 ,'SZ432','Rings','6 3/4' ), 
( 333 ,'SZ433','Rings','7' ), 
( 334 ,'SZ434','Rings','7 1/4' ), 
( 335 ,'SZ435','Rings','7 1/2' ), 
( 336 ,'SZ436','Rings','7 3/4' ), 
( 337 ,'SZ437','Rings','8' ), 
( 338 ,'SZ438','Rings','8 1/4' ), 
( 339 ,'SZ439','Rings','8 1/2' ), 
( 340 ,'SZ440','Rings','8 3/4' ), 
( 341 ,'SZ441','Rings','9' ), 
( 342 ,'SZ442','Rings','9 1/4' ), 
( 343 ,'SZ443','Rings','9 1/4' ), 
( 344 ,'SZ444','Rings','9 3/4' ), 
( 345 ,'SZ445','Rings','10' ), 
( 346 ,'SZ446','Rings','10 1/4' ), 
( 347 ,'SZ447','Rings','10 1/2' ), 
( 348 ,'SZ448','Rings','10 3/4' ), 
( 349 ,'SZ449','Rings','11' ), 
( 350 ,'SZ450','Rings','11 1/4' ), 
( 351 ,'SZ451','Rings','11 1/2' ), 
( 352 ,'SZ452','Rings','11 3/4' ), 
( 353 ,'SZ453','Rings','12' ), 
( 354 ,'SZ454','Rings','12 1/4' ), 
( 355 ,'SZ455','Rings','12 1/2' ), 
( 356 ,'SZ456','Rings','12 3/4' ), 
( 357 ,'SZ457','Rings','13' ), 
( 358 ,'SZ458','Rings','13 1/4' ), 
( 359 ,'SZ459','Rings','13 1/2' ), 
( 360 ,'SZ460','Rings','13 3/4' ), 
( 361 ,'SZ461','Rings','14' ), 
( 362 ,'SZ462','Rings','14 1/4' ), 
( 363 ,'SZ463','Rings','14 1/2' ), 
( 364 ,'SZ464','Rings','14 3/4' ), 
( 365 ,'SZ465','Rings','15' ), 
( 366 ,'SZ466','Rings','15 1/4' ), 
( 367 ,'SZ467','Rings','15 1/2' ), 
( 368 ,'SZ468','Rings','15 3/4' ), 
( 369 ,'SZ469','Rings','16' ), 
( 370 ,'SZ470','Rings','17' ), 
( 371 ,'SZ471','Rings','18' ), 
( 372 ,'SZ472','Rings','19' ), 
( 373 ,'SZ473','Rings','20' ), 
( 374 ,'SZ474','Rings','21' ), 
( 375 ,'SZ475','Rings','22' ), 
( 376 ,'SZ476','Rings','23' ), 
( 377 ,'SZ477','Rings','24' ), 
( 378 ,'SZ478','Rings','25' ), 
( 379 ,'SZ479','Rings','26' ), 
( 380 ,'SZ480','Rings','27' ), 
( 381 ,'SZ481','Rings','28' ), 
( 382 ,'SZ482','Rings','A' ), 
( 383 ,'SZ483','Rings','A 1/2' ), 
( 384 ,'SZ484','Rings','B' ), 
( 385 ,'SZ485','Rings','B 1/2' ), 
( 386 ,'SZ486','Rings','C' ), 
( 387 ,'SZ487','Rings','C 1/2' ), 
( 388 ,'SZ488','Rings','D' ), 
( 389 ,'SZ489','Rings','D 1/2' ), 
( 390 ,'SZ490','Rings','E' ), 
( 391 ,'SZ491','Rings','E 1/2' ), 
( 392 ,'SZ492','Rings','F' ), 
( 393 ,'SZ493','Rings','F 1/2' ), 
( 394 ,'SZ494','Rings','G' ), 
( 395 ,'SZ495','Rings','G 1/2' ), 
( 396 ,'SZ496','Rings','H' ), 
( 397 ,'SZ497','Rings','H 1/2' ), 
( 398 ,'SZ498','Rings','I' ), 
( 399 ,'SZ499','Rings','J' ), 
( 400 ,'SZ500','Rings','J 1/2' ), 
( 401 ,'SZ501','Rings','K' ), 
( 402 ,'SZ502','Rings','K 1/2' ), 
( 403 ,'SZ503','Rings','L' ), 
( 404 ,'SZ504','Rings','L 1/2' ), 
( 405 ,'SZ505','Rings','M' ), 
( 406 ,'SZ506','Rings','M 1/2' ), 
( 407 ,'SZ507','Rings','N' ), 
( 408 ,'SZ508','Rings','N 1/2' ), 
( 409 ,'SZ509','Rings','O' ), 
( 410 ,'SZ510','Rings','O 1/2' ), 
( 411 ,'SZ511','Rings','P' ), 
( 412 ,'SZ512','Rings','P 1/2' ), 
( 413 ,'SZ513','Rings','Q' ), 
( 414 ,'SZ514','Rings','Q 1/2' ), 
( 415 ,'SZ515','Rings','R' ), 
( 416 ,'SZ516','Rings','R 1/2' ), 
( 417 ,'SZ517','Rings','S' ), 
( 418 ,'SZ518','Rings','S 1/2' ), 
( 419 ,'SZ519','Rings','T' ), 
( 420 ,'SZ520','Rings','T 1/2' ), 
( 421 ,'SZ521','Rings','U' ), 
( 422 ,'SZ522','Rings','U 1/2' ), 
( 423 ,'SZ523','Rings','V' ), 
( 424 ,'SZ524','Rings','V 1/2' ), 
( 425 ,'SZ525','Rings','W' ), 
( 426 ,'SZ526','Rings','W 1/2' ), 
( 427 ,'SZ527','Rings','X' ), 
( 428 ,'SZ528','Rings','X 1/2' ), 
( 429 ,'SZ529','Rings','Y' ), 
( 430 ,'SZ530','Rings','Z' ), 
( 431 ,'SZ531','Rings','Z 1/2' ), 
( 432 ,'SZ532','Rings','Z1' ), 
( 433 ,'SZ533','Rings','Z2' ), 
( 434 ,'SZ534','Rings','Z3' ), 
( 435 ,'SZ535','Rings','Z4' ), 
( 436 ,'SZ536','Length','XS' ), 
( 437 ,'SZ537','Length','S' ), 
( 438 ,'SZ538','Length','M' ), 
( 439 ,'SZ539','Length','L' ), 
( 440 ,'SZ540','Length','XL' );


DROP TABLE IF EXISTS `SizeCulture`;
CREATE TABLE `SizeCulture` (
  `SizeCultureId` int(11) NOT NULL AUTO_INCREMENT,
  `SizeId` int(11) DEFAULT 0,
  `CultureCode` varchar(50) DEFAULT NULL,
  `SizeName` varchar(50) DEFAULT NULL,
  PRIMARY KEY (`SizeCultureId`)
) ENGINE=InnoDB AUTO_INCREMENT=0 DEFAULT CHARSET=utf8;

DELETE FROM `SizeCulture`;
INSERT INTO `SizeCulture` (`SizeCultureId`, `SizeId`, `CultureCode`, `SizeName`) VALUES
( 1, 1 ,'EN', 'XS' ), 
( 2, 1 ,'CHS', 'XS' ), 
( 3, 1 ,'CHT', 'XS' ), 
( 4, 2 ,'EN', 'S' ), 
( 5, 2 ,'CHS', 'S' ), 
( 6, 2 ,'CHT', 'S' ), 
( 7, 3 ,'EN', 'M' ), 
( 8, 3 ,'CHS', 'M' ), 
( 9, 3 ,'CHT', 'M' ), 
( 10, 4 ,'EN', 'L' ), 
( 11, 4 ,'CHS', 'L' ), 
( 12, 4 ,'CHT', 'L' ), 
( 13, 5 ,'EN', 'XL' ), 
( 14, 5 ,'CHS', 'XL' ), 
( 15, 5 ,'CHT', 'XL' ), 
( 16, 6 ,'EN', 'XXL' ), 
( 17, 6 ,'CHS', 'XXL' ), 
( 18, 6 ,'CHT', 'XXL' ), 
( 19, 7 ,'EN', 'XXXL' ), 
( 20, 7 ,'CHS', 'XXXL' ), 
( 21, 7 ,'CHT', 'XXXL' ), 
( 22, 8 ,'EN', 'XXXXL' ), 
( 23, 8 ,'CHS', 'XXXXL' ), 
( 24, 8 ,'CHT', 'XXXXL' ), 
( 25, 9 ,'EN', 'XXXXXL' ), 
( 26, 9 ,'CHS', 'XXXXXL' ), 
( 27, 9 ,'CHT', 'XXXXXL' ), 
( 28, 10 ,'EN', '2' ), 
( 29, 10 ,'CHS', '2' ), 
( 30, 10 ,'CHT', '2' ), 
( 31, 11 ,'EN', '4' ), 
( 32, 11 ,'CHS', '4' ), 
( 33, 11 ,'CHT', '4' ), 
( 34, 12 ,'EN', '6' ), 
( 35, 12 ,'CHS', '6' ), 
( 36, 12 ,'CHT', '6' ), 
( 37, 13 ,'EN', '8' ), 
( 38, 13 ,'CHS', '8' ), 
( 39, 13 ,'CHT', '8' ), 
( 40, 14 ,'EN', '10' ), 
( 41, 14 ,'CHS', '10' ), 
( 42, 14 ,'CHT', '10' ), 
( 43, 15 ,'EN', '12' ), 
( 44, 15 ,'CHS', '12' ), 
( 45, 15 ,'CHT', '12' ), 
( 46, 16 ,'EN', '14' ), 
( 47, 16 ,'CHS', '14' ), 
( 48, 16 ,'CHT', '14' ), 
( 49, 17 ,'EN', '16' ), 
( 50, 17 ,'CHS', '16' ), 
( 51, 17 ,'CHT', '16' ), 
( 52, 18 ,'EN', '18' ), 
( 53, 18 ,'CHS', '18' ), 
( 54, 18 ,'CHT', '18' ), 
( 55, 19 ,'EN', '20' ), 
( 56, 19 ,'CHS', '20' ), 
( 57, 19 ,'CHT', '20' ), 
( 58, 20 ,'EN', '22' ), 
( 59, 20 ,'CHS', '22' ), 
( 60, 20 ,'CHT', '22' ), 
( 61, 21 ,'EN', '24' ), 
( 62, 21 ,'CHS', '24' ), 
( 63, 21 ,'CHT', '24' ), 
( 64, 22 ,'EN', '26' ), 
( 65, 22 ,'CHS', '26' ), 
( 66, 22 ,'CHT', '26' ), 
( 67, 23 ,'EN', '28' ), 
( 68, 23 ,'CHS', '28' ), 
( 69, 23 ,'CHT', '28' ), 
( 70, 24 ,'EN', '30' ), 
( 71, 24 ,'CHS', '30' ), 
( 72, 24 ,'CHT', '30' ), 
( 73, 25 ,'EN', '32' ), 
( 74, 25 ,'CHS', '32' ), 
( 75, 25 ,'CHT', '32' ), 
( 76, 26 ,'EN', '34' ), 
( 77, 26 ,'CHS', '34' ), 
( 78, 26 ,'CHT', '34' ), 
( 79, 27 ,'EN', '36' ), 
( 80, 27 ,'CHS', '36' ), 
( 81, 27 ,'CHT', '36' ), 
( 82, 28 ,'EN', '38' ), 
( 83, 28 ,'CHS', '38' ), 
( 84, 28 ,'CHT', '38' ), 
( 85, 29 ,'EN', '40' ), 
( 86, 29 ,'CHS', '40' ), 
( 87, 29 ,'CHT', '40' ), 
( 88, 30 ,'EN', '42' ), 
( 89, 30 ,'CHS', '42' ), 
( 90, 30 ,'CHT', '42' ), 
( 91, 31 ,'EN', '44' ), 
( 92, 31 ,'CHS', '44' ), 
( 93, 31 ,'CHT', '44' ), 
( 94, 32 ,'EN', '46' ), 
( 95, 32 ,'CHS', '46' ), 
( 96, 32 ,'CHT', '46' ), 
( 97, 33 ,'EN', '48' ), 
( 98, 33 ,'CHS', '48' ), 
( 99, 33 ,'CHT', '48' ), 
( 100, 34 ,'EN', '50' ), 
( 101, 34 ,'CHS', '50' ), 
( 102, 34 ,'CHT', '50' ), 
( 103, 35 ,'EN', '52' ), 
( 104, 35 ,'CHS', '52' ), 
( 105, 35 ,'CHT', '52' ), 
( 106, 36 ,'EN', '54' ), 
( 107, 36 ,'CHS', '54' ), 
( 108, 36 ,'CHT', '54' ), 
( 109, 37 ,'EN', '56' ), 
( 110, 37 ,'CHS', '56' ), 
( 111, 37 ,'CHT', '56' ), 
( 112, 38 ,'EN', '58' ), 
( 113, 38 ,'CHS', '58' ), 
( 114, 38 ,'CHT', '58' ), 
( 115, 39 ,'EN', '60' ), 
( 116, 39 ,'CHS', '60' ), 
( 117, 39 ,'CHT', '60' ), 
( 118, 40 ,'EN', '8AA' ), 
( 119, 40 ,'CHS', '8AA' ), 
( 120, 40 ,'CHT', '8AA' ), 
( 121, 41 ,'EN', '8A' ), 
( 122, 41 ,'CHS', '8A' ), 
( 123, 41 ,'CHT', '8A' ), 
( 124, 42 ,'EN', '8B' ), 
( 125, 42 ,'CHS', '8B' ), 
( 126, 42 ,'CHT', '8B' ), 
( 127, 43 ,'EN', '8C' ), 
( 128, 43 ,'CHS', '8C' ), 
( 129, 43 ,'CHT', '8C' ), 
( 130, 44 ,'EN', '8D' ), 
( 131, 44 ,'CHS', '8D' ), 
( 132, 44 ,'CHT', '8D' ), 
( 133, 45 ,'EN', '8DD' ), 
( 134, 45 ,'CHS', '8DD' ), 
( 135, 45 ,'CHT', '8DD' ), 
( 136, 46 ,'EN', '10AA' ), 
( 137, 46 ,'CHS', '10AA' ), 
( 138, 46 ,'CHT', '10AA' ), 
( 139, 47 ,'EN', '10A' ), 
( 140, 47 ,'CHS', '10A' ), 
( 141, 47 ,'CHT', '10A' ), 
( 142, 48 ,'EN', '10B' ), 
( 143, 48 ,'CHS', '10B' ), 
( 144, 48 ,'CHT', '10B' ), 
( 145, 49 ,'EN', '10C' ), 
( 146, 49 ,'CHS', '10C' ), 
( 147, 49 ,'CHT', '10C' ), 
( 148, 50 ,'EN', '10D' ), 
( 149, 50 ,'CHS', '10D' ), 
( 150, 50 ,'CHT', '10D' ), 
( 151, 51 ,'EN', '10DD' ), 
( 152, 51 ,'CHS', '10DD' ), 
( 153, 51 ,'CHT', '10DD' ), 
( 154, 52 ,'EN', '10E' ), 
( 155, 52 ,'CHS', '10E' ), 
( 156, 52 ,'CHT', '10E' ), 
( 157, 53 ,'EN', '10F' ), 
( 158, 53 ,'CHS', '10F' ), 
( 159, 53 ,'CHT', '10F' ), 
( 160, 54 ,'EN', '10G' ), 
( 161, 54 ,'CHS', '10G' ), 
( 162, 54 ,'CHT', '10G' ), 
( 163, 55 ,'EN', '12AA' ), 
( 164, 55 ,'CHS', '12AA' ), 
( 165, 55 ,'CHT', '12AA' ), 
( 166, 56 ,'EN', '12A' ), 
( 167, 56 ,'CHS', '12A' ), 
( 168, 56 ,'CHT', '12A' ), 
( 169, 57 ,'EN', '12B' ), 
( 170, 57 ,'CHS', '12B' ), 
( 171, 57 ,'CHT', '12B' ), 
( 172, 58 ,'EN', '12C' ), 
( 173, 58 ,'CHS', '12C' ), 
( 174, 58 ,'CHT', '12C' ), 
( 175, 59 ,'EN', '12D' ), 
( 176, 59 ,'CHS', '12D' ), 
( 177, 59 ,'CHT', '12D' ), 
( 178, 60 ,'EN', '12DD' ), 
( 179, 60 ,'CHS', '12DD' ), 
( 180, 60 ,'CHT', '12DD' ), 
( 181, 61 ,'EN', '12E' ), 
( 182, 61 ,'CHS', '12E' ), 
( 183, 61 ,'CHT', '12E' ), 
( 184, 62 ,'EN', '12F' ), 
( 185, 62 ,'CHS', '12F' ), 
( 186, 62 ,'CHT', '12F' ), 
( 187, 63 ,'EN', '12G' ), 
( 188, 63 ,'CHS', '12G' ), 
( 189, 63 ,'CHT', '12G' ), 
( 190, 64 ,'EN', '14A' ), 
( 191, 64 ,'CHS', '14A' ), 
( 192, 64 ,'CHT', '14A' ), 
( 193, 65 ,'EN', '14B' ), 
( 194, 65 ,'CHS', '14B' ), 
( 195, 65 ,'CHT', '14B' ), 
( 196, 66 ,'EN', '14C' ), 
( 197, 66 ,'CHS', '14C' ), 
( 198, 66 ,'CHT', '14C' ), 
( 199, 67 ,'EN', '14D' ), 
( 200, 67 ,'CHS', '14D' ), 
( 201, 67 ,'CHT', '14D' ), 
( 202, 68 ,'EN', '14DD' ), 
( 203, 68 ,'CHS', '14DD' ), 
( 204, 68 ,'CHT', '14DD' ), 
( 205, 69 ,'EN', '14E' ), 
( 206, 69 ,'CHS', '14E' ), 
( 207, 69 ,'CHT', '14E' ), 
( 208, 70 ,'EN', '14F' ), 
( 209, 70 ,'CHS', '14F' ), 
( 210, 70 ,'CHT', '14F' ), 
( 211, 71 ,'EN', '14G' ), 
( 212, 71 ,'CHS', '14G' ), 
( 213, 71 ,'CHT', '14G' ), 
( 214, 72 ,'EN', '16B' ), 
( 215, 72 ,'CHS', '16B' ), 
( 216, 72 ,'CHT', '16B' ), 
( 217, 73 ,'EN', '16C' ), 
( 218, 73 ,'CHS', '16C' ), 
( 219, 73 ,'CHT', '16C' ), 
( 220, 74 ,'EN', '16D' ), 
( 221, 74 ,'CHS', '16D' ), 
( 222, 74 ,'CHT', '16D' ), 
( 223, 75 ,'EN', '16DD' ), 
( 224, 75 ,'CHS', '16DD' ), 
( 225, 75 ,'CHT', '16DD' ), 
( 226, 76 ,'EN', '16E' ), 
( 227, 76 ,'CHS', '16E' ), 
( 228, 76 ,'CHT', '16E' ), 
( 229, 77 ,'EN', '16F' ), 
( 230, 77 ,'CHS', '16F' ), 
( 231, 77 ,'CHT', '16F' ), 
( 232, 78 ,'EN', '18C' ), 
( 233, 78 ,'CHS', '18C' ), 
( 234, 78 ,'CHT', '18C' ), 
( 235, 79 ,'EN', '18D' ), 
( 236, 79 ,'CHS', '18D' ), 
( 237, 79 ,'CHT', '18D' ), 
( 238, 80 ,'EN', '18DD' ), 
( 239, 80 ,'CHS', '18DD' ), 
( 240, 80 ,'CHT', '18DD' ), 
( 241, 81 ,'EN', '18E' ), 
( 242, 81 ,'CHS', '18E' ), 
( 243, 81 ,'CHT', '18E' ), 
( 244, 82 ,'EN', '18F' ), 
( 245, 82 ,'CHS', '18F' ), 
( 246, 82 ,'CHT', '18F' ), 
( 247, 83 ,'EN', '18G' ), 
( 248, 83 ,'CHS', '18G' ), 
( 249, 83 ,'CHT', '18G' ), 
( 250, 84 ,'EN', '20D' ), 
( 251, 84 ,'CHS', '20D' ), 
( 252, 84 ,'CHT', '20D' ), 
( 253, 85 ,'EN', '20DD' ), 
( 254, 85 ,'CHS', '20DD' ), 
( 255, 85 ,'CHT', '20DD' ), 
( 256, 86 ,'EN', '20E' ), 
( 257, 86 ,'CHS', '20E' ), 
( 258, 86 ,'CHT', '20E' ), 
( 259, 87 ,'EN', '20F' ), 
( 260, 87 ,'CHS', '20F' ), 
( 261, 87 ,'CHT', '20F' ), 
( 262, 88 ,'EN', '20G' ), 
( 263, 88 ,'CHS', '20G' ), 
( 264, 88 ,'CHT', '20G' ), 
( 265, 89 ,'EN', '22D' ), 
( 266, 89 ,'CHS', '22D' ), 
( 267, 89 ,'CHT', '22D' ), 
( 268, 90 ,'EN', '22DD' ), 
( 269, 90 ,'CHS', '22DD' ), 
( 270, 90 ,'CHT', '22DD' ), 
( 271, 91 ,'EN', '22E' ), 
( 272, 91 ,'CHS', '22E' ), 
( 273, 91 ,'CHT', '22E' ), 
( 274, 92 ,'EN', '22F' ), 
( 275, 92 ,'CHS', '22F' ), 
( 276, 92 ,'CHT', '22F' ), 
( 277, 93 ,'EN', '30AA' ), 
( 278, 93 ,'CHS', '30AA' ), 
( 279, 93 ,'CHT', '30AA' ), 
( 280, 94 ,'EN', '30A' ), 
( 281, 94 ,'CHS', '30A' ), 
( 282, 94 ,'CHT', '30A' ), 
( 283, 95 ,'EN', '30B' ), 
( 284, 95 ,'CHS', '30B' ), 
( 285, 95 ,'CHT', '30B' ), 
( 286, 96 ,'EN', '30C' ), 
( 287, 96 ,'CHS', '30C' ), 
( 288, 96 ,'CHT', '30C' ), 
( 289, 97 ,'EN', '30D' ), 
( 290, 97 ,'CHS', '30D' ), 
( 291, 97 ,'CHT', '30D' ), 
( 292, 98 ,'EN', '30DD' ), 
( 293, 98 ,'CHS', '30DD' ), 
( 294, 98 ,'CHT', '30DD' ), 
( 295, 99 ,'EN', '32AA' ), 
( 296, 99 ,'CHS', '32AA' ), 
( 297, 99 ,'CHT', '32AA' ), 
( 298, 100 ,'EN', '32A' ), 
( 299, 100 ,'CHS', '32A' ), 
( 300, 100 ,'CHT', '32A' ), 
( 301, 101 ,'EN', '32B' ), 
( 302, 101 ,'CHS', '32B' ), 
( 303, 101 ,'CHT', '32B' ), 
( 304, 102 ,'EN', '32C' ), 
( 305, 102 ,'CHS', '32C' ), 
( 306, 102 ,'CHT', '32C' ), 
( 307, 103 ,'EN', '32D' ), 
( 308, 103 ,'CHS', '32D' ), 
( 309, 103 ,'CHT', '32D' ), 
( 310, 104 ,'EN', '32DD' ), 
( 311, 104 ,'CHS', '32DD' ), 
( 312, 104 ,'CHT', '32DD' ), 
( 313, 105 ,'EN', '32DDD/F' ), 
( 314, 105 ,'CHS', '32DDD/F' ), 
( 315, 105 ,'CHT', '32DDD/F' ), 
( 316, 106 ,'EN', '32F' ), 
( 317, 106 ,'CHS', '32F' ), 
( 318, 106 ,'CHT', '32F' ), 
( 319, 107 ,'EN', '32G' ), 
( 320, 107 ,'CHS', '32G' ), 
( 321, 107 ,'CHT', '32G' ), 
( 322, 108 ,'EN', '34AA' ), 
( 323, 108 ,'CHS', '34AA' ), 
( 324, 108 ,'CHT', '34AA' ), 
( 325, 109 ,'EN', '34A' ), 
( 326, 109 ,'CHS', '34A' ), 
( 327, 109 ,'CHT', '34A' ), 
( 328, 110 ,'EN', '34B' ), 
( 329, 110 ,'CHS', '34B' ), 
( 330, 110 ,'CHT', '34B' ), 
( 331, 111 ,'EN', '34C' ), 
( 332, 111 ,'CHS', '34C' ), 
( 333, 111 ,'CHT', '34C' ), 
( 334, 112 ,'EN', '34D' ), 
( 335, 112 ,'CHS', '34D' ), 
( 336, 112 ,'CHT', '34D' ), 
( 337, 113 ,'EN', '34DD' ), 
( 338, 113 ,'CHS', '34DD' ), 
( 339, 113 ,'CHT', '34DD' ), 
( 340, 114 ,'EN', '34DDD/E' ), 
( 341, 114 ,'CHS', '34DDD/E' ), 
( 342, 114 ,'CHT', '34DDD/E' ), 
( 343, 115 ,'EN', '34F' ), 
( 344, 115 ,'CHS', '34F' ), 
( 345, 115 ,'CHT', '34F' ), 
( 346, 116 ,'EN', '34G' ), 
( 347, 116 ,'CHS', '34G' ), 
( 348, 116 ,'CHT', '34G' ), 
( 349, 117 ,'EN', '36A' ), 
( 350, 117 ,'CHS', '36A' ), 
( 351, 117 ,'CHT', '36A' ), 
( 352, 118 ,'EN', '36B' ), 
( 353, 118 ,'CHS', '36B' ), 
( 354, 118 ,'CHT', '36B' ), 
( 355, 119 ,'EN', '36C' ), 
( 356, 119 ,'CHS', '36C' ), 
( 357, 119 ,'CHT', '36C' ), 
( 358, 120 ,'EN', '36D' ), 
( 359, 120 ,'CHS', '36D' ), 
( 360, 120 ,'CHT', '36D' ), 
( 361, 121 ,'EN', '36DD' ), 
( 362, 121 ,'CHS', '36DD' ), 
( 363, 121 ,'CHT', '36DD' ), 
( 364, 122 ,'EN', '36DDD/E' ), 
( 365, 122 ,'CHS', '36DDD/E' ), 
( 366, 122 ,'CHT', '36DDD/E' ), 
( 367, 123 ,'EN', '36F' ), 
( 368, 123 ,'CHS', '36F' ), 
( 369, 123 ,'CHT', '36F' ), 
( 370, 124 ,'EN', '36G' ), 
( 371, 124 ,'CHS', '36G' ), 
( 372, 124 ,'CHT', '36G' ), 
( 373, 125 ,'EN', '38B' ), 
( 374, 125 ,'CHS', '38B' ), 
( 375, 125 ,'CHT', '38B' ), 
( 376, 126 ,'EN', '38C' ), 
( 377, 126 ,'CHS', '38C' ), 
( 378, 126 ,'CHT', '38C' ), 
( 379, 127 ,'EN', '38D' ), 
( 380, 127 ,'CHS', '38D' ), 
( 381, 127 ,'CHT', '38D' ), 
( 382, 128 ,'EN', '38DD' ), 
( 383, 128 ,'CHS', '38DD' ), 
( 384, 128 ,'CHT', '38DD' ), 
( 385, 129 ,'EN', '38DDD/E' ), 
( 386, 129 ,'CHS', '38DDD/E' ), 
( 387, 129 ,'CHT', '38DDD/E' ), 
( 388, 130 ,'EN', '38F' ), 
( 389, 130 ,'CHS', '38F' ), 
( 390, 130 ,'CHT', '38F' ), 
( 391, 131 ,'EN', '40C' ), 
( 392, 131 ,'CHS', '40C' ), 
( 393, 131 ,'CHT', '40C' ), 
( 394, 132 ,'EN', '40D' ), 
( 395, 132 ,'CHS', '40D' ), 
( 396, 132 ,'CHT', '40D' ), 
( 397, 133 ,'EN', '40DD' ), 
( 398, 133 ,'CHS', '40DD' ), 
( 399, 133 ,'CHT', '40DD' ), 
( 400, 134 ,'EN', '40DDD/E' ), 
( 401, 134 ,'CHS', '40DDD/E' ), 
( 402, 134 ,'CHT', '40DDD/E' ), 
( 403, 135 ,'EN', '40F' ), 
( 404, 135 ,'CHS', '40F' ), 
( 405, 135 ,'CHT', '40F' ), 
( 406, 136 ,'EN', '40G' ), 
( 407, 136 ,'CHS', '40G' ), 
( 408, 136 ,'CHT', '40G' ), 
( 409, 137 ,'EN', '42C' ), 
( 410, 137 ,'CHS', '42C' ), 
( 411, 137 ,'CHT', '42C' ), 
( 412, 138 ,'EN', '42DD' ), 
( 413, 138 ,'CHS', '42DD' ), 
( 414, 138 ,'CHT', '42DD' ), 
( 415, 139 ,'EN', '42DDD/E' ), 
( 416, 139 ,'CHS', '42DDD/E' ), 
( 417, 139 ,'CHT', '42DDD/E' ), 
( 418, 140 ,'EN', '42F' ), 
( 419, 140 ,'CHS', '42F' ), 
( 420, 140 ,'CHT', '42F' ), 
( 421, 141 ,'EN', '42G' ), 
( 422, 141 ,'CHS', '42G' ), 
( 423, 141 ,'CHT', '42G' ), 
( 424, 142 ,'EN', '44D' ), 
( 425, 142 ,'CHS', '44D' ), 
( 426, 142 ,'CHT', '44D' ), 
( 427, 143 ,'EN', '44DD' ), 
( 428, 143 ,'CHS', '44DD' ), 
( 429, 143 ,'CHT', '44DD' ), 
( 430, 144 ,'EN', '44DDD/E' ), 
( 431, 144 ,'CHS', '44DDD/E' ), 
( 432, 144 ,'CHT', '44DDD/E' ), 
( 433, 145 ,'EN', '44F' ), 
( 434, 145 ,'CHS', '44F' ), 
( 435, 145 ,'CHT', '44F' ), 
( 436, 146 ,'EN', '44G' ), 
( 437, 146 ,'CHS', '44G' ), 
( 438, 146 ,'CHT', '44G' ), 
( 439, 147 ,'EN', '65A' ), 
( 440, 147 ,'CHS', '65A' ), 
( 441, 147 ,'CHT', '65A' ), 
( 442, 148 ,'EN', '65B' ), 
( 443, 148 ,'CHS', '65B' ), 
( 444, 148 ,'CHT', '65B' ), 
( 445, 149 ,'EN', '65C' ), 
( 446, 149 ,'CHS', '65C' ), 
( 447, 149 ,'CHT', '65C' ), 
( 448, 150 ,'EN', '65D' ), 
( 449, 150 ,'CHS', '65D' ), 
( 450, 150 ,'CHT', '65D' ), 
( 451, 151 ,'EN', '65E' ), 
( 452, 151 ,'CHS', '65E' ), 
( 453, 151 ,'CHT', '65E' ), 
( 454, 152 ,'EN', '65F' ), 
( 455, 152 ,'CHS', '65F' ), 
( 456, 152 ,'CHT', '65F' ), 
( 457, 153 ,'EN', '70A' ), 
( 458, 153 ,'CHS', '70A' ), 
( 459, 153 ,'CHT', '70A' ), 
( 460, 154 ,'EN', '70B' ), 
( 461, 154 ,'CHS', '70B' ), 
( 462, 154 ,'CHT', '70B' ), 
( 463, 155 ,'EN', '70C' ), 
( 464, 155 ,'CHS', '70C' ), 
( 465, 155 ,'CHT', '70C' ), 
( 466, 156 ,'EN', '70D' ), 
( 467, 156 ,'CHS', '70D' ), 
( 468, 156 ,'CHT', '70D' ), 
( 469, 157 ,'EN', '70E' ), 
( 470, 157 ,'CHS', '70E' ), 
( 471, 157 ,'CHT', '70E' ), 
( 472, 158 ,'EN', '70F' ), 
( 473, 158 ,'CHS', '70F' ), 
( 474, 158 ,'CHT', '70F' ), 
( 475, 159 ,'EN', '70G' ), 
( 476, 159 ,'CHS', '70G' ), 
( 477, 159 ,'CHT', '70G' ), 
( 478, 160 ,'EN', '70H' ), 
( 479, 160 ,'CHS', '70H' ), 
( 480, 160 ,'CHT', '70H' ), 
( 481, 161 ,'EN', '70I' ), 
( 482, 161 ,'CHS', '70I' ), 
( 483, 161 ,'CHT', '70I' ), 
( 484, 162 ,'EN', '75A' ), 
( 485, 162 ,'CHS', '75A' ), 
( 486, 162 ,'CHT', '75A' ), 
( 487, 163 ,'EN', '75B' ), 
( 488, 163 ,'CHS', '75B' ), 
( 489, 163 ,'CHT', '75B' ), 
( 490, 164 ,'EN', '75C' ), 
( 491, 164 ,'CHS', '75C' ), 
( 492, 164 ,'CHT', '75C' ), 
( 493, 165 ,'EN', '75D' ), 
( 494, 165 ,'CHS', '75D' ), 
( 495, 165 ,'CHT', '75D' ), 
( 496, 166 ,'EN', '75E' ), 
( 497, 166 ,'CHS', '75E' ), 
( 498, 166 ,'CHT', '75E' ), 
( 499, 167 ,'EN', '75F' ), 
( 500, 167 ,'CHS', '75F' ), 
( 501, 167 ,'CHT', '75F' ), 
( 502, 168 ,'EN', '75G' ), 
( 503, 168 ,'CHS', '75G' ), 
( 504, 168 ,'CHT', '75G' ), 
( 505, 169 ,'EN', '75H' ), 
( 506, 169 ,'CHS', '75H' ), 
( 507, 169 ,'CHT', '75H' ), 
( 508, 170 ,'EN', '75I' ), 
( 509, 170 ,'CHS', '75I' ), 
( 510, 170 ,'CHT', '75I' ), 
( 511, 171 ,'EN', '80A' ), 
( 512, 171 ,'CHS', '80A' ), 
( 513, 171 ,'CHT', '80A' ), 
( 514, 172 ,'EN', '80B' ), 
( 515, 172 ,'CHS', '80B' ), 
( 516, 172 ,'CHT', '80B' ), 
( 517, 173 ,'EN', '80C' ), 
( 518, 173 ,'CHS', '80C' ), 
( 519, 173 ,'CHT', '80C' ), 
( 520, 174 ,'EN', '80D' ), 
( 521, 174 ,'CHS', '80D' ), 
( 522, 174 ,'CHT', '80D' ), 
( 523, 175 ,'EN', '80E' ), 
( 524, 175 ,'CHS', '80E' ), 
( 525, 175 ,'CHT', '80E' ), 
( 526, 176 ,'EN', '80F' ), 
( 527, 176 ,'CHS', '80F' ), 
( 528, 176 ,'CHT', '80F' ), 
( 529, 177 ,'EN', '80G' ), 
( 530, 177 ,'CHS', '80G' ), 
( 531, 177 ,'CHT', '80G' ), 
( 532, 178 ,'EN', '80H' ), 
( 533, 178 ,'CHS', '80H' ), 
( 534, 178 ,'CHT', '80H' ), 
( 535, 179 ,'EN', '80I' ), 
( 536, 179 ,'CHS', '80I' ), 
( 537, 179 ,'CHT', '80I' ), 
( 538, 180 ,'EN', '85A' ), 
( 539, 180 ,'CHS', '85A' ), 
( 540, 180 ,'CHT', '85A' ), 
( 541, 181 ,'EN', '85B' ), 
( 542, 181 ,'CHS', '85B' ), 
( 543, 181 ,'CHT', '85B' ), 
( 544, 182 ,'EN', '85C' ), 
( 545, 182 ,'CHS', '85C' ), 
( 546, 182 ,'CHT', '85C' ), 
( 547, 183 ,'EN', '85D' ), 
( 548, 183 ,'CHS', '85D' ), 
( 549, 183 ,'CHT', '85D' ), 
( 550, 184 ,'EN', '85E' ), 
( 551, 184 ,'CHS', '85E' ), 
( 552, 184 ,'CHT', '85E' ), 
( 553, 185 ,'EN', '85F' ), 
( 554, 185 ,'CHS', '85F' ), 
( 555, 185 ,'CHT', '85F' ), 
( 556, 186 ,'EN', '85G' ), 
( 557, 186 ,'CHS', '85G' ), 
( 558, 186 ,'CHT', '85G' ), 
( 559, 187 ,'EN', '85H' ), 
( 560, 187 ,'CHS', '85H' ), 
( 561, 187 ,'CHT', '85H' ), 
( 562, 188 ,'EN', '90A' ), 
( 563, 188 ,'CHS', '90A' ), 
( 564, 188 ,'CHT', '90A' ), 
( 565, 189 ,'EN', '90B' ), 
( 566, 189 ,'CHS', '90B' ), 
( 567, 189 ,'CHT', '90B' ), 
( 568, 190 ,'EN', '90D' ), 
( 569, 190 ,'CHS', '90D' ), 
( 570, 190 ,'CHT', '90D' ), 
( 571, 191 ,'EN', '90E' ), 
( 572, 191 ,'CHS', '90E' ), 
( 573, 191 ,'CHT', '90E' ), 
( 574, 192 ,'EN', '90F' ), 
( 575, 192 ,'CHS', '90F' ), 
( 576, 192 ,'CHT', '90F' ), 
( 577, 193 ,'EN', '90G' ), 
( 578, 193 ,'CHS', '90G' ), 
( 579, 193 ,'CHT', '90G' ), 
( 580, 194 ,'EN', '90H' ), 
( 581, 194 ,'CHS', '90H' ), 
( 582, 194 ,'CHT', '90H' ), 
( 583, 195 ,'EN', '90I' ), 
( 584, 195 ,'CHS', '90I' ), 
( 585, 195 ,'CHT', '90I' ), 
( 586, 196 ,'EN', '95A' ), 
( 587, 196 ,'CHS', '95A' ), 
( 588, 196 ,'CHT', '95A' ), 
( 589, 197 ,'EN', '95B' ), 
( 590, 197 ,'CHS', '95B' ), 
( 591, 197 ,'CHT', '95B' ), 
( 592, 198 ,'EN', '95C' ), 
( 593, 198 ,'CHS', '95C' ), 
( 594, 198 ,'CHT', '95C' ), 
( 595, 199 ,'EN', '95D' ), 
( 596, 199 ,'CHS', '95D' ), 
( 597, 199 ,'CHT', '95D' ), 
( 598, 200 ,'EN', '95E' ), 
( 599, 200 ,'CHS', '95E' ), 
( 600, 200 ,'CHT', '95E' ), 
( 601, 201 ,'EN', '95F' ), 
( 602, 201 ,'CHS', '95F' ), 
( 603, 201 ,'CHT', '95F' ), 
( 604, 202 ,'EN', '95G' ), 
( 605, 202 ,'CHS', '95G' ), 
( 606, 202 ,'CHT', '95G' ), 
( 607, 203 ,'EN', '95H' ), 
( 608, 203 ,'CHS', '95H' ), 
( 609, 203 ,'CHT', '95H' ), 
( 610, 204 ,'EN', '951' ), 
( 611, 204 ,'CHS', '951' ), 
( 612, 204 ,'CHT', '951' ), 
( 613, 205 ,'EN', '100C' ), 
( 614, 205 ,'CHS', '100C' ), 
( 615, 205 ,'CHT', '100C' ), 
( 616, 206 ,'EN', '100D' ), 
( 617, 206 ,'CHS', '100D' ), 
( 618, 206 ,'CHT', '100D' ), 
( 619, 207 ,'EN', '100E' ), 
( 620, 207 ,'CHS', '100E' ), 
( 621, 207 ,'CHT', '100E' ), 
( 622, 208 ,'EN', '100F' ), 
( 623, 208 ,'CHS', '100F' ), 
( 624, 208 ,'CHT', '100F' ), 
( 625, 209 ,'EN', '100G' ), 
( 626, 209 ,'CHS', '100G' ), 
( 627, 209 ,'CHT', '100G' ), 
( 628, 210 ,'EN', '100H' ), 
( 629, 210 ,'CHS', '100H' ), 
( 630, 210 ,'CHT', '100H' ), 
( 631, 211 ,'EN', '105D' ), 
( 632, 211 ,'CHS', '105D' ), 
( 633, 211 ,'CHT', '105D' ), 
( 634, 212 ,'EN', '105E' ), 
( 635, 212 ,'CHS', '105E' ), 
( 636, 212 ,'CHT', '105E' ), 
( 637, 213 ,'EN', '105F' ), 
( 638, 213 ,'CHS', '105F' ), 
( 639, 213 ,'CHT', '105F' ), 
( 640, 214 ,'EN', '105G' ), 
( 641, 214 ,'CHS', '105G' ), 
( 642, 214 ,'CHT', '105G' ), 
( 643, 215 ,'EN', '105H' ), 
( 644, 215 ,'CHS', '105H' ), 
( 645, 215 ,'CHT', '105H' ), 
( 646, 216 ,'EN', '105I' ), 
( 647, 216 ,'CHS', '105I' ), 
( 648, 216 ,'CHT', '105I' ), 
( 649, 217 ,'EN', '110E' ), 
( 650, 217 ,'CHS', '110E' ), 
( 651, 217 ,'CHT', '110E' ), 
( 652, 218 ,'EN', '110F' ), 
( 653, 218 ,'CHS', '110F' ), 
( 654, 218 ,'CHT', '110F' ), 
( 655, 219 ,'EN', '110G' ), 
( 656, 219 ,'CHS', '110G' ), 
( 657, 219 ,'CHT', '110G' ), 
( 658, 220 ,'EN', '110H' ), 
( 659, 220 ,'CHS', '110H' ), 
( 660, 220 ,'CHT', '110H' ), 
( 661, 221 ,'EN', '110I' ), 
( 662, 221 ,'CHS', '110I' ), 
( 663, 221 ,'CHT', '110I' ), 
( 664, 222 ,'EN', '115E' ), 
( 665, 222 ,'CHS', '115E' ), 
( 666, 222 ,'CHT', '115E' ), 
( 667, 223 ,'EN', '115F' ), 
( 668, 223 ,'CHS', '115F' ), 
( 669, 223 ,'CHT', '115F' ), 
( 670, 224 ,'EN', '115G' ), 
( 671, 224 ,'CHS', '115G' ), 
( 672, 224 ,'CHT', '115G' ), 
( 673, 225 ,'EN', '115H' ), 
( 674, 225 ,'CHS', '115H' ), 
( 675, 225 ,'CHT', '115H' ), 
( 676, 226 ,'EN', 'XS' ), 
( 677, 226 ,'CHS', 'XS' ), 
( 678, 226 ,'CHT', 'XS' ), 
( 679, 227 ,'EN', 'S' ), 
( 680, 227 ,'CHS', 'S' ), 
( 681, 227 ,'CHT', 'S' ), 
( 682, 228 ,'EN', 'M' ), 
( 683, 228 ,'CHS', 'M' ), 
( 684, 228 ,'CHT', 'M' ), 
( 685, 229 ,'EN', 'L' ), 
( 686, 229 ,'CHS', 'L' ), 
( 687, 229 ,'CHT', 'L' ), 
( 688, 230 ,'EN', 'XL' ), 
( 689, 230 ,'CHS', 'XL' ), 
( 690, 230 ,'CHT', 'XL' ), 
( 691, 231 ,'EN', 'XXL' ), 
( 692, 231 ,'CHS', 'XXL' ), 
( 693, 231 ,'CHT', 'XXL' ), 
( 694, 232 ,'EN', 'XXXL' ), 
( 695, 232 ,'CHS', 'XXXL' ), 
( 696, 232 ,'CHT', 'XXXL' ), 
( 697, 233 ,'EN', 'XXXXL' ), 
( 698, 233 ,'CHS', 'XXXXL' ), 
( 699, 233 ,'CHT', 'XXXXL' ), 
( 700, 234 ,'EN', 'XXXXXL' ), 
( 701, 234 ,'CHS', 'XXXXXL' ), 
( 702, 234 ,'CHT', 'XXXXXL' ), 
( 703, 235 ,'EN', 'XXXXXXL' ), 
( 704, 235 ,'CHS', 'XXXXXXL' ), 
( 705, 235 ,'CHT', 'XXXXXXL' ), 
( 706, 236 ,'EN', 'XXXXXXXL' ), 
( 707, 236 ,'CHS', 'XXXXXXXL' ), 
( 708, 236 ,'CHT', 'XXXXXXXL' ), 
( 709, 237 ,'EN', 'XXXXXXXXL' ), 
( 710, 237 ,'CHS', 'XXXXXXXXL' ), 
( 711, 237 ,'CHT', 'XXXXXXXXL' ), 
( 712, 238 ,'EN', '4' ), 
( 713, 238 ,'CHS', '4' ), 
( 714, 238 ,'CHT', '4' ), 
( 715, 239 ,'EN', '5' ), 
( 716, 239 ,'CHS', '5' ), 
( 717, 239 ,'CHT', '5' ), 
( 718, 240 ,'EN', '6' ), 
( 719, 240 ,'CHS', '6' ), 
( 720, 240 ,'CHT', '6' ), 
( 721, 241 ,'EN', '7' ), 
( 722, 241 ,'CHS', '7' ), 
( 723, 241 ,'CHT', '7' ), 
( 724, 242 ,'EN', '8' ), 
( 725, 242 ,'CHS', '8' ), 
( 726, 242 ,'CHT', '8' ), 
( 727, 243 ,'EN', '9' ), 
( 728, 243 ,'CHS', '9' ), 
( 729, 243 ,'CHT', '9' ), 
( 730, 244 ,'EN', '10' ), 
( 731, 244 ,'CHS', '10' ), 
( 732, 244 ,'CHT', '10' ), 
( 733, 245 ,'EN', '11' ), 
( 734, 245 ,'CHS', '11' ), 
( 735, 245 ,'CHT', '11' ), 
( 736, 246 ,'EN', '12' ), 
( 737, 246 ,'CHS', '12' ), 
( 738, 246 ,'CHT', '12' ), 
( 739, 247 ,'EN', '13' ), 
( 740, 247 ,'CHS', '13' ), 
( 741, 247 ,'CHT', '13' ), 
( 742, 248 ,'EN', '14' ), 
( 743, 248 ,'CHS', '14' ), 
( 744, 248 ,'CHT', '14' ), 
( 745, 249 ,'EN', '15' ), 
( 746, 249 ,'CHS', '15' ), 
( 747, 249 ,'CHT', '15' ), 
( 748, 250 ,'EN', '16' ), 
( 749, 250 ,'CHS', '16' ), 
( 750, 250 ,'CHT', '16' ), 
( 751, 251 ,'EN', '17' ), 
( 752, 251 ,'CHS', '17' ), 
( 753, 251 ,'CHT', '17' ), 
( 754, 252 ,'EN', '18' ), 
( 755, 252 ,'CHS', '18' ), 
( 756, 252 ,'CHT', '18' ), 
( 757, 253 ,'EN', '2' ), 
( 758, 253 ,'CHS', '2' ), 
( 759, 253 ,'CHT', '2' ), 
( 760, 254 ,'EN', '2.5' ), 
( 761, 254 ,'CHS', '2.5' ), 
( 762, 254 ,'CHT', '2.5' ), 
( 763, 255 ,'EN', '3' ), 
( 764, 255 ,'CHS', '3' ), 
( 765, 255 ,'CHT', '3' ), 
( 766, 256 ,'EN', '3.5' ), 
( 767, 256 ,'CHS', '3.5' ), 
( 768, 256 ,'CHT', '3.5' ), 
( 769, 257 ,'EN', '4' ), 
( 770, 257 ,'CHS', '4' ), 
( 771, 257 ,'CHT', '4' ), 
( 772, 258 ,'EN', '4.5' ), 
( 773, 258 ,'CHS', '4.5' ), 
( 774, 258 ,'CHT', '4.5' ), 
( 775, 259 ,'EN', '5' ), 
( 776, 259 ,'CHS', '5' ), 
( 777, 259 ,'CHT', '5' ), 
( 778, 260 ,'EN', '5.5' ), 
( 779, 260 ,'CHS', '5.5' ), 
( 780, 260 ,'CHT', '5.5' ), 
( 781, 261 ,'EN', '6' ), 
( 782, 261 ,'CHS', '6' ), 
( 783, 261 ,'CHT', '6' ), 
( 784, 262 ,'EN', '6.5' ), 
( 785, 262 ,'CHS', '6.5' ), 
( 786, 262 ,'CHT', '6.5' ), 
( 787, 263 ,'EN', '7' ), 
( 788, 263 ,'CHS', '7' ), 
( 789, 263 ,'CHT', '7' ), 
( 790, 264 ,'EN', '7.5' ), 
( 791, 264 ,'CHS', '7.5' ), 
( 792, 264 ,'CHT', '7.5' ), 
( 793, 265 ,'EN', '8' ), 
( 794, 265 ,'CHS', '8' ), 
( 795, 265 ,'CHT', '8' ), 
( 796, 266 ,'EN', '8.5' ), 
( 797, 266 ,'CHS', '8.5' ), 
( 798, 266 ,'CHT', '8.5' ), 
( 799, 267 ,'EN', '9' ), 
( 800, 267 ,'CHS', '9' ), 
( 801, 267 ,'CHT', '9' ), 
( 802, 268 ,'EN', '9.5' ), 
( 803, 268 ,'CHS', '9.5' ), 
( 804, 268 ,'CHT', '9.5' ), 
( 805, 269 ,'EN', '10' ), 
( 806, 269 ,'CHS', '10' ), 
( 807, 269 ,'CHT', '10' ), 
( 808, 270 ,'EN', '10.5' ), 
( 809, 270 ,'CHS', '10.5' ), 
( 810, 270 ,'CHT', '10.5' ), 
( 811, 271 ,'EN', '11' ), 
( 812, 271 ,'CHS', '11' ), 
( 813, 271 ,'CHT', '11' ), 
( 814, 272 ,'EN', '11.5' ), 
( 815, 272 ,'CHS', '11.5' ), 
( 816, 272 ,'CHT', '11.5' ), 
( 817, 273 ,'EN', '12' ), 
( 818, 273 ,'CHS', '12' ), 
( 819, 273 ,'CHT', '12' ), 
( 820, 274 ,'EN', '35' ), 
( 821, 274 ,'CHS', '35' ), 
( 822, 274 ,'CHT', '35' ), 
( 823, 275 ,'EN', '35.5' ), 
( 824, 275 ,'CHS', '35.5' ), 
( 825, 275 ,'CHT', '35.5' ), 
( 826, 276 ,'EN', '36' ), 
( 827, 276 ,'CHS', '36' ), 
( 828, 276 ,'CHT', '36' ), 
( 829, 277 ,'EN', '36.5' ), 
( 830, 277 ,'CHS', '36.5' ), 
( 831, 277 ,'CHT', '36.5' ), 
( 832, 278 ,'EN', '37' ), 
( 833, 278 ,'CHS', '37' ), 
( 834, 278 ,'CHT', '37' ), 
( 835, 279 ,'EN', '37.5' ), 
( 836, 279 ,'CHS', '37.5' ), 
( 837, 279 ,'CHT', '37.5' ), 
( 838, 280 ,'EN', '38' ), 
( 839, 280 ,'CHS', '38' ), 
( 840, 280 ,'CHT', '38' ), 
( 841, 281 ,'EN', '38.5' ), 
( 842, 281 ,'CHS', '38.5' ), 
( 843, 281 ,'CHT', '38.5' ), 
( 844, 282 ,'EN', '39' ), 
( 845, 282 ,'CHS', '39' ), 
( 846, 282 ,'CHT', '39' ), 
( 847, 283 ,'EN', '39.5' ), 
( 848, 283 ,'CHS', '39.5' ), 
( 849, 283 ,'CHT', '39.5' ), 
( 850, 284 ,'EN', '40' ), 
( 851, 284 ,'CHS', '40' ), 
( 852, 284 ,'CHT', '40' ), 
( 853, 285 ,'EN', '40.5' ), 
( 854, 285 ,'CHS', '40.5' ), 
( 855, 285 ,'CHT', '40.5' ), 
( 856, 286 ,'EN', '41' ), 
( 857, 286 ,'CHS', '41' ), 
( 858, 286 ,'CHT', '41' ), 
( 859, 287 ,'EN', '41.5' ), 
( 860, 287 ,'CHS', '41.5' ), 
( 861, 287 ,'CHT', '41.5' ), 
( 862, 288 ,'EN', '42' ), 
( 863, 288 ,'CHS', '42' ), 
( 864, 288 ,'CHT', '42' ), 
( 865, 289 ,'EN', '42.5' ), 
( 866, 289 ,'CHS', '42.5' ), 
( 867, 289 ,'CHT', '42.5' ), 
( 868, 290 ,'EN', '43' ), 
( 869, 290 ,'CHS', '43' ), 
( 870, 290 ,'CHT', '43' ), 
( 871, 291 ,'EN', '43.5' ), 
( 872, 291 ,'CHS', '43.5' ), 
( 873, 291 ,'CHT', '43.5' ), 
( 874, 292 ,'EN', '44' ), 
( 875, 292 ,'CHS', '44' ), 
( 876, 292 ,'CHT', '44' ), 
( 877, 293 ,'EN', '44.5' ), 
( 878, 293 ,'CHS', '44.5' ), 
( 879, 293 ,'CHT', '44.5' ), 
( 880, 294 ,'EN', '45' ), 
( 881, 294 ,'CHS', '45' ), 
( 882, 294 ,'CHT', '45' ), 
( 883, 295 ,'EN', '45.5' ), 
( 884, 295 ,'CHS', '45.5' ), 
( 885, 295 ,'CHT', '45.5' ), 
( 886, 296 ,'EN', '46' ), 
( 887, 296 ,'CHS', '46' ), 
( 888, 296 ,'CHT', '46' ), 
( 889, 297 ,'EN', '46.5' ), 
( 890, 297 ,'CHS', '46.5' ), 
( 891, 297 ,'CHT', '46.5' ), 
( 892, 298 ,'EN', '47' ), 
( 893, 298 ,'CHS', '47' ), 
( 894, 298 ,'CHT', '47' ), 
( 895, 299 ,'EN', '47.5' ), 
( 896, 299 ,'CHS', '47.5' ), 
( 897, 299 ,'CHT', '47.5' ), 
( 898, 300 ,'EN', '48' ), 
( 899, 300 ,'CHS', '48' ), 
( 900, 300 ,'CHT', '48' ), 
( 901, 301 ,'EN', '48.5' ), 
( 902, 301 ,'CHS', '48.5' ), 
( 903, 301 ,'CHT', '48.5' ), 
( 904, 302 ,'EN', '49' ), 
( 905, 302 ,'CHS', '49' ), 
( 906, 302 ,'CHT', '49' ), 
( 907, 303 ,'EN', '49.5' ), 
( 908, 303 ,'CHS', '49.5' ), 
( 909, 303 ,'CHT', '49.5' ), 
( 910, 304 ,'EN', '50' ), 
( 911, 304 ,'CHS', '50' ), 
( 912, 304 ,'CHT', '50' ), 
( 913, 305 ,'EN', '0' ), 
( 914, 305 ,'CHS', '0' ), 
( 915, 305 ,'CHT', '0' ), 
( 916, 306 ,'EN', '4-Jan' ), 
( 917, 306 ,'CHS', '4-Jan' ), 
( 918, 306 ,'CHT', '4-Jan' ), 
( 919, 307 ,'EN', '2-Jan' ), 
( 920, 307 ,'CHS', '2-Jan' ), 
( 921, 307 ,'CHT', '2-Jan' ), 
( 922, 308 ,'EN', '4-Mar' ), 
( 923, 308 ,'CHS', '4-Mar' ), 
( 924, 308 ,'CHT', '4-Mar' ), 
( 925, 309 ,'EN', '1' ), 
( 926, 309 ,'CHS', '1' ), 
( 927, 309 ,'CHT', '1' ), 
( 928, 310 ,'EN', '1 1/4' ), 
( 929, 310 ,'CHS', '1 1/4' ), 
( 930, 310 ,'CHT', '1 1/4' ), 
( 931, 311 ,'EN', '1 1/2' ), 
( 932, 311 ,'CHS', '1 1/2' ), 
( 933, 311 ,'CHT', '1 1/2' ), 
( 934, 312 ,'EN', '1 3/4' ), 
( 935, 312 ,'CHS', '1 3/4' ), 
( 936, 312 ,'CHT', '1 3/4' ), 
( 937, 313 ,'EN', '2' ), 
( 938, 313 ,'CHS', '2' ), 
( 939, 313 ,'CHT', '2' ), 
( 940, 314 ,'EN', '2 1/4' ), 
( 941, 314 ,'CHS', '2 1/4' ), 
( 942, 314 ,'CHT', '2 1/4' ), 
( 943, 315 ,'EN', '2 1/2' ), 
( 944, 315 ,'CHS', '2 1/2' ), 
( 945, 315 ,'CHT', '2 1/2' ), 
( 946, 316 ,'EN', '2 3/4' ), 
( 947, 316 ,'CHS', '2 3/4' ), 
( 948, 316 ,'CHT', '2 3/4' ), 
( 949, 317 ,'EN', '3' ), 
( 950, 317 ,'CHS', '3' ), 
( 951, 317 ,'CHT', '3' ), 
( 952, 318 ,'EN', '3 1/4' ), 
( 953, 318 ,'CHS', '3 1/4' ), 
( 954, 318 ,'CHT', '3 1/4' ), 
( 955, 319 ,'EN', '3 1/2' ), 
( 956, 319 ,'CHS', '3 1/2' ), 
( 957, 319 ,'CHT', '3 1/2' ), 
( 958, 320 ,'EN', '3 3/4' ), 
( 959, 320 ,'CHS', '3 3/4' ), 
( 960, 320 ,'CHT', '3 3/4' ), 
( 961, 321 ,'EN', '4' ), 
( 962, 321 ,'CHS', '4' ), 
( 963, 321 ,'CHT', '4' ), 
( 964, 322 ,'EN', '4 1/4' ), 
( 965, 322 ,'CHS', '4 1/4' ), 
( 966, 322 ,'CHT', '4 1/4' ), 
( 967, 323 ,'EN', '4 1/2' ), 
( 968, 323 ,'CHS', '4 1/2' ), 
( 969, 323 ,'CHT', '4 1/2' ), 
( 970, 324 ,'EN', '4 3/4' ), 
( 971, 324 ,'CHS', '4 3/4' ), 
( 972, 324 ,'CHT', '4 3/4' ), 
( 973, 325 ,'EN', '5' ), 
( 974, 325 ,'CHS', '5' ), 
( 975, 325 ,'CHT', '5' ), 
( 976, 326 ,'EN', '5 1/4' ), 
( 977, 326 ,'CHS', '5 1/4' ), 
( 978, 326 ,'CHT', '5 1/4' ), 
( 979, 327 ,'EN', '5 1/2' ), 
( 980, 327 ,'CHS', '5 1/2' ), 
( 981, 327 ,'CHT', '5 1/2' ), 
( 982, 328 ,'EN', '5 3/4' ), 
( 983, 328 ,'CHS', '5 3/4' ), 
( 984, 328 ,'CHT', '5 3/4' ), 
( 985, 329 ,'EN', '6' ), 
( 986, 329 ,'CHS', '6' ), 
( 987, 329 ,'CHT', '6' ), 
( 988, 330 ,'EN', '6 1/4' ), 
( 989, 330 ,'CHS', '6 1/4' ), 
( 990, 330 ,'CHT', '6 1/4' ), 
( 991, 331 ,'EN', '6 1/2' ), 
( 992, 331 ,'CHS', '6 1/2' ), 
( 993, 331 ,'CHT', '6 1/2' ), 
( 994, 332 ,'EN', '6 3/4' ), 
( 995, 332 ,'CHS', '6 3/4' ), 
( 996, 332 ,'CHT', '6 3/4' ), 
( 997, 333 ,'EN', '7' ), 
( 998, 333 ,'CHS', '7' ), 
( 999, 333 ,'CHT', '7' ), 
( 1000, 334 ,'EN', '7 1/4' ), 
( 1001, 334 ,'CHS', '7 1/4' ), 
( 1002, 334 ,'CHT', '7 1/4' ), 
( 1003, 335 ,'EN', '7 1/2' ), 
( 1004, 335 ,'CHS', '7 1/2' ), 
( 1005, 335 ,'CHT', '7 1/2' ), 
( 1006, 336 ,'EN', '7 3/4' ), 
( 1007, 336 ,'CHS', '7 3/4' ), 
( 1008, 336 ,'CHT', '7 3/4' ), 
( 1009, 337 ,'EN', '8' ), 
( 1010, 337 ,'CHS', '8' ), 
( 1011, 337 ,'CHT', '8' ), 
( 1012, 338 ,'EN', '8 1/4' ), 
( 1013, 338 ,'CHS', '8 1/4' ), 
( 1014, 338 ,'CHT', '8 1/4' ), 
( 1015, 339 ,'EN', '8 1/2' ), 
( 1016, 339 ,'CHS', '8 1/2' ), 
( 1017, 339 ,'CHT', '8 1/2' ), 
( 1018, 340 ,'EN', '8 3/4' ), 
( 1019, 340 ,'CHS', '8 3/4' ), 
( 1020, 340 ,'CHT', '8 3/4' ), 
( 1021, 341 ,'EN', '9' ), 
( 1022, 341 ,'CHS', '9' ), 
( 1023, 341 ,'CHT', '9' ), 
( 1024, 342 ,'EN', '9 1/4' ), 
( 1025, 342 ,'CHS', '9 1/4' ), 
( 1026, 342 ,'CHT', '9 1/4' ), 
( 1027, 343 ,'EN', '9 1/4' ), 
( 1028, 343 ,'CHS', '9 1/4' ), 
( 1029, 343 ,'CHT', '9 1/4' ), 
( 1030, 344 ,'EN', '9 3/4' ), 
( 1031, 344 ,'CHS', '9 3/4' ), 
( 1032, 344 ,'CHT', '9 3/4' ), 
( 1033, 345 ,'EN', '10' ), 
( 1034, 345 ,'CHS', '10' ), 
( 1035, 345 ,'CHT', '10' ), 
( 1036, 346 ,'EN', '10 1/4' ), 
( 1037, 346 ,'CHS', '10 1/4' ), 
( 1038, 346 ,'CHT', '10 1/4' ), 
( 1039, 347 ,'EN', '10 1/2' ), 
( 1040, 347 ,'CHS', '10 1/2' ), 
( 1041, 347 ,'CHT', '10 1/2' ), 
( 1042, 348 ,'EN', '10 3/4' ), 
( 1043, 348 ,'CHS', '10 3/4' ), 
( 1044, 348 ,'CHT', '10 3/4' ), 
( 1045, 349 ,'EN', '11' ), 
( 1046, 349 ,'CHS', '11' ), 
( 1047, 349 ,'CHT', '11' ), 
( 1048, 350 ,'EN', '11 1/4' ), 
( 1049, 350 ,'CHS', '11 1/4' ), 
( 1050, 350 ,'CHT', '11 1/4' ), 
( 1051, 351 ,'EN', '11 1/2' ), 
( 1052, 351 ,'CHS', '11 1/2' ), 
( 1053, 351 ,'CHT', '11 1/2' ), 
( 1054, 352 ,'EN', '11 3/4' ), 
( 1055, 352 ,'CHS', '11 3/4' ), 
( 1056, 352 ,'CHT', '11 3/4' ), 
( 1057, 353 ,'EN', '12' ), 
( 1058, 353 ,'CHS', '12' ), 
( 1059, 353 ,'CHT', '12' ), 
( 1060, 354 ,'EN', '12 1/4' ), 
( 1061, 354 ,'CHS', '12 1/4' ), 
( 1062, 354 ,'CHT', '12 1/4' ), 
( 1063, 355 ,'EN', '12 1/2' ), 
( 1064, 355 ,'CHS', '12 1/2' ), 
( 1065, 355 ,'CHT', '12 1/2' ), 
( 1066, 356 ,'EN', '12 3/4' ), 
( 1067, 356 ,'CHS', '12 3/4' ), 
( 1068, 356 ,'CHT', '12 3/4' ), 
( 1069, 357 ,'EN', '13' ), 
( 1070, 357 ,'CHS', '13' ), 
( 1071, 357 ,'CHT', '13' ), 
( 1072, 358 ,'EN', '13 1/4' ), 
( 1073, 358 ,'CHS', '13 1/4' ), 
( 1074, 358 ,'CHT', '13 1/4' ), 
( 1075, 359 ,'EN', '13 1/2' ), 
( 1076, 359 ,'CHS', '13 1/2' ), 
( 1077, 359 ,'CHT', '13 1/2' ), 
( 1078, 360 ,'EN', '13 3/4' ), 
( 1079, 360 ,'CHS', '13 3/4' ), 
( 1080, 360 ,'CHT', '13 3/4' ), 
( 1081, 361 ,'EN', '14' ), 
( 1082, 361 ,'CHS', '14' ), 
( 1083, 361 ,'CHT', '14' ), 
( 1084, 362 ,'EN', '14 1/4' ), 
( 1085, 362 ,'CHS', '14 1/4' ), 
( 1086, 362 ,'CHT', '14 1/4' ), 
( 1087, 363 ,'EN', '14 1/2' ), 
( 1088, 363 ,'CHS', '14 1/2' ), 
( 1089, 363 ,'CHT', '14 1/2' ), 
( 1090, 364 ,'EN', '14 3/4' ), 
( 1091, 364 ,'CHS', '14 3/4' ), 
( 1092, 364 ,'CHT', '14 3/4' ), 
( 1093, 365 ,'EN', '15' ), 
( 1094, 365 ,'CHS', '15' ), 
( 1095, 365 ,'CHT', '15' ), 
( 1096, 366 ,'EN', '15 1/4' ), 
( 1097, 366 ,'CHS', '15 1/4' ), 
( 1098, 366 ,'CHT', '15 1/4' ), 
( 1099, 367 ,'EN', '15 1/2' ), 
( 1100, 367 ,'CHS', '15 1/2' ), 
( 1101, 367 ,'CHT', '15 1/2' ), 
( 1102, 368 ,'EN', '15 3/4' ), 
( 1103, 368 ,'CHS', '15 3/4' ), 
( 1104, 368 ,'CHT', '15 3/4' ), 
( 1105, 369 ,'EN', '16' ), 
( 1106, 369 ,'CHS', '16' ), 
( 1107, 369 ,'CHT', '16' ), 
( 1108, 370 ,'EN', '17' ), 
( 1109, 370 ,'CHS', '17' ), 
( 1110, 370 ,'CHT', '17' ), 
( 1111, 371 ,'EN', '18' ), 
( 1112, 371 ,'CHS', '18' ), 
( 1113, 371 ,'CHT', '18' ), 
( 1114, 372 ,'EN', '19' ), 
( 1115, 372 ,'CHS', '19' ), 
( 1116, 372 ,'CHT', '19' ), 
( 1117, 373 ,'EN', '20' ), 
( 1118, 373 ,'CHS', '20' ), 
( 1119, 373 ,'CHT', '20' ), 
( 1120, 374 ,'EN', '21' ), 
( 1121, 374 ,'CHS', '21' ), 
( 1122, 374 ,'CHT', '21' ), 
( 1123, 375 ,'EN', '22' ), 
( 1124, 375 ,'CHS', '22' ), 
( 1125, 375 ,'CHT', '22' ), 
( 1126, 376 ,'EN', '23' ), 
( 1127, 376 ,'CHS', '23' ), 
( 1128, 376 ,'CHT', '23' ), 
( 1129, 377 ,'EN', '24' ), 
( 1130, 377 ,'CHS', '24' ), 
( 1131, 377 ,'CHT', '24' ), 
( 1132, 378 ,'EN', '25' ), 
( 1133, 378 ,'CHS', '25' ), 
( 1134, 378 ,'CHT', '25' ), 
( 1135, 379 ,'EN', '26' ), 
( 1136, 379 ,'CHS', '26' ), 
( 1137, 379 ,'CHT', '26' ), 
( 1138, 380 ,'EN', '27' ), 
( 1139, 380 ,'CHS', '27' ), 
( 1140, 380 ,'CHT', '27' ), 
( 1141, 381 ,'EN', '28' ), 
( 1142, 381 ,'CHS', '28' ), 
( 1143, 381 ,'CHT', '28' ), 
( 1144, 382 ,'EN', 'A' ), 
( 1145, 382 ,'CHS', 'A' ), 
( 1146, 382 ,'CHT', 'A' ), 
( 1147, 383 ,'EN', 'A 1/2' ), 
( 1148, 383 ,'CHS', 'A 1/2' ), 
( 1149, 383 ,'CHT', 'A 1/2' ), 
( 1150, 384 ,'EN', 'B' ), 
( 1151, 384 ,'CHS', 'B' ), 
( 1152, 384 ,'CHT', 'B' ), 
( 1153, 385 ,'EN', 'B 1/2' ), 
( 1154, 385 ,'CHS', 'B 1/2' ), 
( 1155, 385 ,'CHT', 'B 1/2' ), 
( 1156, 386 ,'EN', 'C' ), 
( 1157, 386 ,'CHS', 'C' ), 
( 1158, 386 ,'CHT', 'C' ), 
( 1159, 387 ,'EN', 'C 1/2' ), 
( 1160, 387 ,'CHS', 'C 1/2' ), 
( 1161, 387 ,'CHT', 'C 1/2' ), 
( 1162, 388 ,'EN', 'D' ), 
( 1163, 388 ,'CHS', 'D' ), 
( 1164, 388 ,'CHT', 'D' ), 
( 1165, 389 ,'EN', 'D 1/2' ), 
( 1166, 389 ,'CHS', 'D 1/2' ), 
( 1167, 389 ,'CHT', 'D 1/2' ), 
( 1168, 390 ,'EN', 'E' ), 
( 1169, 390 ,'CHS', 'E' ), 
( 1170, 390 ,'CHT', 'E' ), 
( 1171, 391 ,'EN', 'E 1/2' ), 
( 1172, 391 ,'CHS', 'E 1/2' ), 
( 1173, 391 ,'CHT', 'E 1/2' ), 
( 1174, 392 ,'EN', 'F' ), 
( 1175, 392 ,'CHS', 'F' ), 
( 1176, 392 ,'CHT', 'F' ), 
( 1177, 393 ,'EN', 'F 1/2' ), 
( 1178, 393 ,'CHS', 'F 1/2' ), 
( 1179, 393 ,'CHT', 'F 1/2' ), 
( 1180, 394 ,'EN', 'G' ), 
( 1181, 394 ,'CHS', 'G' ), 
( 1182, 394 ,'CHT', 'G' ), 
( 1183, 395 ,'EN', 'G 1/2' ), 
( 1184, 395 ,'CHS', 'G 1/2' ), 
( 1185, 395 ,'CHT', 'G 1/2' ), 
( 1186, 396 ,'EN', 'H' ), 
( 1187, 396 ,'CHS', 'H' ), 
( 1188, 396 ,'CHT', 'H' ), 
( 1189, 397 ,'EN', 'H 1/2' ), 
( 1190, 397 ,'CHS', 'H 1/2' ), 
( 1191, 397 ,'CHT', 'H 1/2' ), 
( 1192, 398 ,'EN', 'I' ), 
( 1193, 398 ,'CHS', 'I' ), 
( 1194, 398 ,'CHT', 'I' ), 
( 1195, 399 ,'EN', 'J' ), 
( 1196, 399 ,'CHS', 'J' ), 
( 1197, 399 ,'CHT', 'J' ), 
( 1198, 400 ,'EN', 'J 1/2' ), 
( 1199, 400 ,'CHS', 'J 1/2' ), 
( 1200, 400 ,'CHT', 'J 1/2' ), 
( 1201, 401 ,'EN', 'K' ), 
( 1202, 401 ,'CHS', 'K' ), 
( 1203, 401 ,'CHT', 'K' ), 
( 1204, 402 ,'EN', 'K 1/2' ), 
( 1205, 402 ,'CHS', 'K 1/2' ), 
( 1206, 402 ,'CHT', 'K 1/2' ), 
( 1207, 403 ,'EN', 'L' ), 
( 1208, 403 ,'CHS', 'L' ), 
( 1209, 403 ,'CHT', 'L' ), 
( 1210, 404 ,'EN', 'L 1/2' ), 
( 1211, 404 ,'CHS', 'L 1/2' ), 
( 1212, 404 ,'CHT', 'L 1/2' ), 
( 1213, 405 ,'EN', 'M' ), 
( 1214, 405 ,'CHS', 'M' ), 
( 1215, 405 ,'CHT', 'M' ), 
( 1216, 406 ,'EN', 'M 1/2' ), 
( 1217, 406 ,'CHS', 'M 1/2' ), 
( 1218, 406 ,'CHT', 'M 1/2' ), 
( 1219, 407 ,'EN', 'N' ), 
( 1220, 407 ,'CHS', 'N' ), 
( 1221, 407 ,'CHT', 'N' ), 
( 1222, 408 ,'EN', 'N 1/2' ), 
( 1223, 408 ,'CHS', 'N 1/2' ), 
( 1224, 408 ,'CHT', 'N 1/2' ), 
( 1225, 409 ,'EN', 'O' ), 
( 1226, 409 ,'CHS', 'O' ), 
( 1227, 409 ,'CHT', 'O' ), 
( 1228, 410 ,'EN', 'O 1/2' ), 
( 1229, 410 ,'CHS', 'O 1/2' ), 
( 1230, 410 ,'CHT', 'O 1/2' ), 
( 1231, 411 ,'EN', 'P' ), 
( 1232, 411 ,'CHS', 'P' ), 
( 1233, 411 ,'CHT', 'P' ), 
( 1234, 412 ,'EN', 'P 1/2' ), 
( 1235, 412 ,'CHS', 'P 1/2' ), 
( 1236, 412 ,'CHT', 'P 1/2' ), 
( 1237, 413 ,'EN', 'Q' ), 
( 1238, 413 ,'CHS', 'Q' ), 
( 1239, 413 ,'CHT', 'Q' ), 
( 1240, 414 ,'EN', 'Q 1/2' ), 
( 1241, 414 ,'CHS', 'Q 1/2' ), 
( 1242, 414 ,'CHT', 'Q 1/2' ), 
( 1243, 415 ,'EN', 'R' ), 
( 1244, 415 ,'CHS', 'R' ), 
( 1245, 415 ,'CHT', 'R' ), 
( 1246, 416 ,'EN', 'R 1/2' ), 
( 1247, 416 ,'CHS', 'R 1/2' ), 
( 1248, 416 ,'CHT', 'R 1/2' ), 
( 1249, 417 ,'EN', 'S' ), 
( 1250, 417 ,'CHS', 'S' ), 
( 1251, 417 ,'CHT', 'S' ), 
( 1252, 418 ,'EN', 'S 1/2' ), 
( 1253, 418 ,'CHS', 'S 1/2' ), 
( 1254, 418 ,'CHT', 'S 1/2' ), 
( 1255, 419 ,'EN', 'T' ), 
( 1256, 419 ,'CHS', 'T' ), 
( 1257, 419 ,'CHT', 'T' ), 
( 1258, 420 ,'EN', 'T 1/2' ), 
( 1259, 420 ,'CHS', 'T 1/2' ), 
( 1260, 420 ,'CHT', 'T 1/2' ), 
( 1261, 421 ,'EN', 'U' ), 
( 1262, 421 ,'CHS', 'U' ), 
( 1263, 421 ,'CHT', 'U' ), 
( 1264, 422 ,'EN', 'U 1/2' ), 
( 1265, 422 ,'CHS', 'U 1/2' ), 
( 1266, 422 ,'CHT', 'U 1/2' ), 
( 1267, 423 ,'EN', 'V' ), 
( 1268, 423 ,'CHS', 'V' ), 
( 1269, 423 ,'CHT', 'V' ), 
( 1270, 424 ,'EN', 'V 1/2' ), 
( 1271, 424 ,'CHS', 'V 1/2' ), 
( 1272, 424 ,'CHT', 'V 1/2' ), 
( 1273, 425 ,'EN', 'W' ), 
( 1274, 425 ,'CHS', 'W' ), 
( 1275, 425 ,'CHT', 'W' ), 
( 1276, 426 ,'EN', 'W 1/2' ), 
( 1277, 426 ,'CHS', 'W 1/2' ), 
( 1278, 426 ,'CHT', 'W 1/2' ), 
( 1279, 427 ,'EN', 'X' ), 
( 1280, 427 ,'CHS', 'X' ), 
( 1281, 427 ,'CHT', 'X' ), 
( 1282, 428 ,'EN', 'X 1/2' ), 
( 1283, 428 ,'CHS', 'X 1/2' ), 
( 1284, 428 ,'CHT', 'X 1/2' ), 
( 1285, 429 ,'EN', 'Y' ), 
( 1286, 429 ,'CHS', 'Y' ), 
( 1287, 429 ,'CHT', 'Y' ), 
( 1288, 430 ,'EN', 'Z' ), 
( 1289, 430 ,'CHS', 'Z' ), 
( 1290, 430 ,'CHT', 'Z' ), 
( 1291, 431 ,'EN', 'Z 1/2' ), 
( 1292, 431 ,'CHS', 'Z 1/2' ), 
( 1293, 431 ,'CHT', 'Z 1/2' ), 
( 1294, 432 ,'EN', 'Z1' ), 
( 1295, 432 ,'CHS', 'Z1' ), 
( 1296, 432 ,'CHT', 'Z1' ), 
( 1297, 433 ,'EN', 'Z2' ), 
( 1298, 433 ,'CHS', 'Z2' ), 
( 1299, 433 ,'CHT', 'Z2' ), 
( 1300, 434 ,'EN', 'Z3' ), 
( 1301, 434 ,'CHS', 'Z3' ), 
( 1302, 434 ,'CHT', 'Z3' ), 
( 1303, 435 ,'EN', 'Z4' ), 
( 1304, 435 ,'CHS', 'Z4' ), 
( 1305, 435 ,'CHT', 'Z4' ), 
( 1306, 436 ,'EN', 'XS' ), 
( 1307, 436 ,'CHS', 'XS' ), 
( 1308, 436 ,'CHT', 'XS' ), 
( 1309, 437 ,'EN', 'S' ), 
( 1310, 437 ,'CHS', 'S' ), 
( 1311, 437 ,'CHT', 'S' ), 
( 1312, 438 ,'EN', 'M' ), 
( 1313, 438 ,'CHS', 'M' ), 
( 1314, 438 ,'CHT', 'M' ), 
( 1315, 439 ,'EN', 'L' ), 
( 1316, 439 ,'CHS', 'L' ), 
( 1317, 439 ,'CHT', 'L' ), 
( 1318, 440 ,'EN', 'XL' ), 
( 1319, 440 ,'CHS', 'XL' ), 
( 1320, 440 ,'CHT', 'XL' );


DROP TABLE IF EXISTS `Color`;
CREATE TABLE IF NOT EXISTS `Color` (
  `ColorId` int(11) NOT NULL AUTO_INCREMENT,
  `ColorNameInvariant` varchar(50) DEFAULT NULL,
  `ColorCode` varchar(50) NOT NULL DEFAULT 0,
  `HexCode` varchar(50) DEFAULT NULL,
  PRIMARY KEY (`ColorId`)
) ENGINE=InnoDB AUTO_INCREMENT=0 DEFAULT CHARSET=utf8;

DELETE FROM `Color`;
INSERT INTO `Color` (`ColorId`, `ColorNameInvariant`, `ColorCode`, `HexCode`) VALUES
	(1, 'Reds' ,'CL1', '#FF00FF'),
	(2, 'Pinks' ,'CL2', '#FFC0CB'),
	(3, 'Oranges' ,'CL3', '#FFA500'),
	(4, 'Yellows' ,'CL4', '#FFFF00'),
	(5, 'Greens' ,'CL5', '#008000'),
	(6, 'Blues' ,'CL6', '#3399ff'),
	(7, 'Purples' ,'CL7', '#800080'),
	(8, 'Browns' ,'CL8', '#a52a2a'),
	(9, 'Greys' ,'CL9', '#808080'),
	(10, 'Whites' ,'CL10', '#ffffff'),
	(11, 'Blacks' ,'CL11', '#000000'),
	(12, 'Prints' ,'CL12', null),
	(13, 'Strips' ,'CL13', null),
	(14, 'Floral' ,'CL14', null),
	(15, 'Checks' ,'CL15', null),
	(16, 'Dots' ,'CL16', null);



LOCK TABLES `Season` WRITE;
/*!40000 ALTER TABLE `Season` DISABLE KEYS */;
INSERT INTO `Season` (`SeasonId`, `SeasonNameInvariant`) VALUES (0, '---');
/*!40000 ALTER TABLE `Season` ENABLE KEYS */;
UNLOCK TABLES;

INSERT INTO `SeasonCulture` (`SeasonId`, `CultureCode`, `SeasonName`) VALUES
	(0 ,'EN', '---'), 
	(0 ,'CHS', '---'), 
	(0 ,'CHT', '---');


LOCK TABLES `Brand` WRITE;
/*!40000 ALTER TABLE `Brand` DISABLE KEYS */;
INSERT INTO `Brand` (`BrandId`, `BrandNameInvariant`) VALUES (0, '---' );
/*!40000 ALTER TABLE `Brand` ENABLE KEYS */;
UNLOCK TABLES;
	
INSERT INTO `BrandCulture` (`BrandId`, `CultureCode`, `BrandName`) VALUES
	(0 ,'EN', '---'), 
	(0 ,'CHS', '---'), 
	(0 ,'CHT', '---');


LOCK TABLES `Badge` WRITE;
/*!40000 ALTER TABLE `Badge` DISABLE KEYS */;
INSERT INTO `Badge` (`BadgeId`, `BadgeNameInvariant`) VALUES (0,'---');
/*!40000 ALTER TABLE `Badge` ENABLE KEYS */;
UNLOCK TABLES;
	
INSERT INTO `BadgeCulture` (`BadgeId`, `CultureCode`, `BadgeName`) VALUES
	(0 ,'EN', '---'), 
	(0 ,'CHS', '---'), 
	(0 ,'CHT', '---');


LOCK TABLES `Color` WRITE;
/*!40000 ALTER TABLE `Color` DISABLE KEYS */;
INSERT INTO `Color` (`ColorId`, `ColorNameInvariant`) VALUES (0, '---');
/*!40000 ALTER TABLE `Color` ENABLE KEYS */;
UNLOCK TABLES;
	
INSERT INTO `ColorCulture` (`ColorId`, `CultureCode`, `ColorName`) VALUES
	(0 ,'EN', '---'), 
	(0 ,'CHS', '---'), 
	(0 ,'CHT', '---');


LOCK TABLES `Size` WRITE;
/*!40000 ALTER TABLE `Size` DISABLE KEYS */;
INSERT INTO `Size` (`SizeId`, `SizeNameInvariant`) VALUES ( 0 ,'---' );
/*!40000 ALTER TABLE `Size` ENABLE KEYS */;
UNLOCK TABLES;

INSERT INTO `SizeCulture` (`SizeId`, `CultureCode`, `SizeName`) VALUES
	(0 ,'EN', '---'), 
	(0 ,'CHS', '---'), 
	(0 ,'CHT', '---');