DROP TABLE IF EXISTS `SizeGroup`;
CREATE TABLE IF NOT EXISTS `SizeGroup` (
  `SizeGroupId` int(11) NOT NULL AUTO_INCREMENT,
  `SizeGroupCode` varchar(50) DEFAULT NULL,
  `SizeGroupNameInvariant` varchar(50) DEFAULT NULL,
  PRIMARY KEY (`SizeGroupId`)
) ENGINE=InnoDB AUTO_INCREMENT=0 DEFAULT CHARSET=utf8;

DELETE FROM `SizeGroup`;
INSERT INTO `SizeGroup` (`SizeGroupId`, `SizeGroupCode`, `SizeGroupNameInvariant`) VALUES
	(1, 'GENERIC', 'Generic'),
	(2, 'APPAREL', 'Apparel'),
	(3, 'SHOES', 'Shoes'),
	(4, 'BRA', 'Bra'),
	(5, 'RING', 'Ring');


DROP TABLE IF EXISTS `SizeGroupCulture`;
CREATE TABLE IF NOT EXISTS `SizeGroupCulture` (
  `SizeGroupCultureId` int(11) NOT NULL AUTO_INCREMENT,
  `SizeGroupId` int(11) NOT NULL,
  `CultureCode` varchar(50) DEFAULT NULL,
  `SizeGroupName` varchar(50) DEFAULT NULL,
  PRIMARY KEY (`SizeGroupCultureId`)
) ENGINE=InnoDB AUTO_INCREMENT=0 DEFAULT CHARSET=utf8;

DELETE FROM `SizeGroupCulture`;
INSERT INTO `SizeGroupCulture` (`SizeGroupCultureId`, `SizeGroupId`, `CultureCode`, `SizeGroupName`) VALUES
	(1, 1, 'EN', 'Generic'),
	(2, 1, 'CHT', '通用'),
	(3, 1, 'CHS', '通用'),
    (4, 2, 'EN', 'Apparel'),
    (5, 2, 'CHT', '服飾'),
    (6, 2, 'CHS', '服饰'),
    (7, 3, 'EN', 'Shoes'),
    (8, 3, 'CHT', '鞋'),
    (9, 3, 'CHS', '鞋'),
    (10, 4, 'EN', 'Bra'),
    (11, 4, 'CHT', '胸罩'),
    (12, 4, 'CHS', '文胸'),
    (13, 5, 'EN', 'Ring'),
    (14, 5, 'CHT', '戒指'),
    (15, 5, 'CHS', '戒指');

DROP TABLE IF EXISTS `Size`;
CREATE TABLE `Size` (
  `SizeId` int(11) NOT NULL AUTO_INCREMENT,
  `SizeCode` varchar(50) DEFAULT 0,
  `SizeNameInvariant` varchar(50) DEFAULT NULL,
  `SizeGroupId` int(11)  NULL,
  PRIMARY KEY (`SizeId`)
) ENGINE=InnoDB AUTO_INCREMENT=0 DEFAULT CHARSET=utf8;

SET SESSION sql_mode = 'NO_AUTO_VALUE_ON_ZERO';  -- disable auto increment for inserting ID=0
INSERT INTO `Size` (`SizeId`, `SizeCode`, `SizeGroupId`, `SizeNameInvariant`) VALUES
(0,'0',null,'---');
SET SESSION sql_mode = '';  -- re-enable auto increment

INSERT INTO `Size` (`SizeId`, `SizeCode`, `SizeGroupId`, `SizeNameInvariant`) VALUES
(1,'1SIZE',1,'One Size'),
(2,'XXS',1,'XXS'),
(3,'XS',1,'XS'),
(4,'S',1,'S'),
(5,'M',1,'M'),
(6,'L',1,'L'),
(7,'XL',1,'XL'),
(8,'2XL',1,'XXL'),
(9,'3XL',1,'3XL'),
(10,'4XL',1,'4XL'),
(11,'5XL',1,'5XL'),
(12,'6XL',1,'6XL'),
(13,'XSS',1,'XS/S'),
(14,'SM',1,'S/M'),
(15,'ML',1,'M/L'),
(16,'LXL',1,'L/XL'),
(17,'XLXXL',1,'XL/XXL'),
(18,'00',2,'00'),
(19,'0',2,'0'),
(20,'1',2,'1'),
(21,'2',2,'2'),
(22,'3',2,'3'),
(23,'4',2,'4'),
(24,'5',2,'5'),
(25,'6',2,'6'),
(26,'7',2,'7'),
(27,'8',2,'8'),
(28,'9',2,'9'),
(29,'10',2,'10'),
(30,'11',2,'11'),
(31,'12',2,'12'),
(32,'13',2,'13'),
(33,'14',2,'14'),
(34,'14.5',2,'14 1/2'),
(35,'15',2,'15'),
(36,'15.5',2,'15 1/2'),
(37,'16',2,'16'),
(38,'16.5',2,'16 1/2'),
(39,'17',2,'17'),
(40,'17.5',2,'17 1/2'),
(41,'18',2,'18'),
(42,'18.5',2,'18 1/2'),
(43,'19',2,'19'),
(44,'20',2,'20'),
(45,'21',2,'21'),
(46,'22',2,'22'),
(47,'23',2,'23'),
(48,'24',2,'24'),
(49,'25',2,'25'),
(50,'26',2,'26'),
(51,'27',2,'27'),
(52,'28',2,'28'),
(53,'29',2,'29'),
(54,'30',2,'30'),
(55,'31',2,'31'),
(56,'32',2,'32'),
(57,'33',2,'33'),
(58,'34',2,'34'),
(59,'35',2,'35'),
(60,'36',2,'36'),
(61,'37',2,'37'),
(62,'38',2,'38'),
(63,'39',2,'39'),
(64,'40',2,'40'),
(65,'41',2,'41'),
(66,'42',2,'42'),
(67,'43',2,'43'),
(68,'44',2,'44'),
(69,'45',2,'45'),
(70,'46',2,'46'),
(71,'47',2,'47'),
(72,'48',2,'48'),
(73,'49',2,'49'),
(74,'50',2,'50'),
(75,'51',2,'51'),
(76,'52',2,'52'),
(77,'53',2,'53'),
(78,'54',2,'54'),
(79,'55',2,'55'),
(80,'56',2,'56'),
(81,'57',2,'57'),
(82,'58',2,'58'),
(83,'59',2,'59'),
(84,'60',2,'60'),
(85,'61',2,'61'),
(86,'62',2,'62'),
(87,'63',2,'63'),
(88,'64',2,'64'),
(89,'65',2,'65'),
(90,'75',2,'75'),
(91,'80',2,'80'),
(92,'85',2,'85'),
(93,'90',2,'90'),
(94,'95',2,'95'),
(95,'100',2,'100'),
(96,'105',2,'105'),
(97,'110',2,'110'),
(98,'115',2,'115'),
(99,'120',2,'120'),
(100,'125',2,'125'),
(101,'130',2,'130'),
(102,'135',2,'135'),
(103,'140',2,'140'),
(104,'145',2,'145'),
(105,'150',2,'150'),
(106,'155',2,'155'),
(107,'160',2,'160'),
(108,'165',2,'165'),
(109,'170',2,'170'),
(110,'175',2,'175'),
(111,'180',2,'180'),
(112,'185',2,'185'),
(113,'190',2,'190'),
(114,'195',2,'195'),
(115,'2',3,'2'),
(116,'2.5',3,'2 1/2'),
(117,'3',3,'3'),
(118,'3.5',3,'3 1/2'),
(119,'4',3,'4'),
(120,'4.5',3,'4 1/2'),
(121,'5',3,'5'),
(122,'5.5',3,'5 1/2'),
(123,'6',3,'6'),
(124,'6.5',3,'6 1/2'),
(125,'7',3,'7'),
(126,'7.5',3,'7 1/2'),
(127,'8',3,'8'),
(128,'8.5',3,'8 1/2'),
(129,'9',3,'9'),
(130,'9.5',3,'9 1/2'),
(131,'10',3,'10'),
(132,'10.5',3,'10 1/2'),
(133,'11',3,'11'),
(134,'11.5',3,'11 1/2'),
(135,'12',3,'12'),
(136,'12.5',3,'12 1/2'),
(137,'13',3,'13'),
(138,'13.5',3,'13 1/2'),
(139,'14',3,'34'),
(140,'14.5',3,'34 1/2'),
(141,'15',3,'35'),
(142,'15.5',3,'35 1/2'),
(143,'16',3,'36'),
(144,'16.5',3,'36 1/2'),
(145,'17',3,'37'),
(146,'17.5',3,'37 1/2'),
(147,'18',3,'38'),
(148,'18.5',3,'38 1/2'),
(149,'19',3,'39'),
(150,'19.5',3,'39 1/2'),
(151,'20',3,'40'),
(152,'20.5',3,'40 1/2'),
(153,'21',3,'41'),
(154,'21.5',3,'41 1/2'),
(155,'22',3,'42'),
(156,'22.5',3,'42 1/2'),
(157,'23',3,'43'),
(158,'23.5',3,'43 1/2'),
(159,'24',3,'37'),
(160,'24.5',3,'37 1/2'),
(161,'25',3,'38'),
(162,'25.5',3,'38 1/2'),
(163,'26',3,'39'),
(164,'26.5',3,'39 1/2'),
(165,'27',3,'40'),
(166,'27.5',3,'40 1/2'),
(167,'28',3,'41'),
(168,'28.5',3,'41 1/2'),
(169,'29',3,'42'),
(170,'29.5',3,'42 1/2'),
(171,'30',3,'43'),
(172,'30.5',3,'43 1/2'),
(173,'31',3,'44'),
(174,'31.5',3,'44 1/2'),
(175,'32',3,'45'),
(176,'32.5',3,'45 1/2'),
(177,'33',3,'46'),
(178,'33.5',3,'46 1/2'),
(179,'34',3,'47'),
(180,'34.5',3,'47 1/2'),
(181,'225',3,'225'),
(182,'230',3,'230'),
(183,'235',3,'235'),
(184,'240',3,'240'),
(185,'245',3,'245'),
(186,'250',3,'250'),
(187,'255',3,'255'),
(188,'260',3,'260'),
(189,'265',3,'265'),
(190,'270',3,'270'),
(191,'275',3,'240'),
(192,'280',3,'245'),
(193,'285',3,'250'),
(194,'290',3,'255'),
(195,'295',3,'260'),
(196,'300',3,'265'),
(197,'305',3,'270'),
(198,'310',3,'275'),
(199,'315',3,'280'),
(200,'320',3,'285'),
(201,'325',3,'290'),
(202,'330',3,'295'),
(203,'335',3,'300'),
(204,'340',3,'305'),
(205,'345',3,'310'),
(206,'24A',4,'24A'),
(207,'24B',4,'24B'),
(208,'24C',4,'24C'),
(209,'24D',4,'24D'),
(210,'24DD',4,'4DD'),
(211,'24E',4,'24E'),
(212,'24F',4,'24F'),
(213,'24FF',4,'4FF'),
(214,'24G',4,'24G'),
(215,'24GG',4,'24GG'),
(216,'24H',4,'24H'),
(217,'24HH',4,'24HH'),
(218,'24I',4,'24I'),
(219,'24II',4,'24II'),
(220,'24J',4,'24J'),
(221,'24JJ',4,'24JJ'),
(222,'24K',4,'24K'),
(223,'24KK',4,'24KK'),
(224,'26A',4,'26A'),
(225,'26B',4,'26B'),
(226,'26C',4,'26C'),
(227,'26D',4,'26D'),
(228,'26DD',4,'26DD'),
(229,'26E',4,'26E'),
(230,'26F',4,'26F'),
(231,'26FF',4,'26FF'),
(232,'26G',4,'26G'),
(233,'26GG',4,'26GG'),
(234,'26H',4,'26H'),
(235,'26HH',4,'26HH'),
(236,'26I',4,'26I'),
(237,'26II',4,'6II'),
(238,'26J',4,'26J'),
(239,'26JJ',4,'26JJ'),
(240,'26K',4,'26K'),
(241,'26KK',4,'26KK'),
(242,'28A',4,'28A'),
(243,'28B',4,'28B'),
(244,'28C',4,'28C'),
(245,'28D',4,'28D'),
(246,'28DD',4,'28DD'),
(247,'28E',4,'28E'),
(248,'28F',4,'28F'),
(249,'28FF',4,'28FF'),
(250,'28G',4,'28G'),
(251,'28GG',4,'28GG'),
(252,'28H',4,'28H'),
(253,'28HH',4,'28HH'),
(254,'28I',4,'28I'),
(255,'28II',4,'28II'),
(256,'28J',4,'28J'),
(257,'28JJ',4,'28JJ'),
(258,'28K',4,'28K'),
(259,'28KK',4,'28KK'),
(260,'30A',4,'30A'),
(261,'30B',4,'30B'),
(262,'30C',4,'30C'),
(263,'30D',4,'30D'),
(264,'30DD',4,'30DD'),
(265,'30E',4,'30E'),
(266,'30F',4,'30F'),
(267,'30FF',4,'30FF'),
(268,'30G',4,'30G'),
(269,'30GG',4,'30GG'),
(270,'30H',4,'30H'),
(271,'30HH',4,'30HH'),
(272,'30I',4,'30I'),
(273,'30II',4,'30II'),
(274,'30J',4,'30J'),
(275,'30JJ',4,'30JJ'),
(276,'30K',4,'30K'),
(277,'30KK',4,'30KK'),
(278,'32A',4,'32A'),
(279,'32B',4,'32B'),
(280,'32C',4,'32C'),
(281,'32D',4,'32D'),
(282,'32DD',4,'32DD'),
(283,'32E',4,'32E'),
(284,'32F',4,'32F'),
(285,'32FF',4,'32FF'),
(286,'32G',4,'32G'),
(287,'32GG',4,'32GG'),
(288,'32H',4,'32H'),
(289,'32HH',4,'32HH'),
(290,'32I',4,'32I'),
(291,'32II',4,'32II'),
(292,'32J',4,'32J'),
(293,'32JJ',4,'32JJ'),
(294,'32K',4,'32K'),
(295,'32KK',4,'32KK'),
(296,'34A',4,'34A'),
(297,'34B',4,'34B'),
(298,'34C',4,'34C'),
(299,'34D',4,'34D'),
(300,'34DD',4,'34DD'),
(301,'34E',4,'34E'),
(302,'34F',4,'34F'),
(303,'34FF',4,'34FF'),
(304,'34G',4,'34G'),
(305,'34GG',4,'34GG'),
(306,'34H',4,'34H'),
(307,'34HH',4,'34HH'),
(308,'34I',4,'34I'),
(309,'34II',4,'34II'),
(310,'34J',4,'34J'),
(311,'34JJ',4,'34JJ'),
(312,'34K',4,'34K'),
(313,'34KK',4,'34KK'),
(314,'36A',4,'36A'),
(315,'36B',4,'36B'),
(316,'36C',4,'36C'),
(317,'36D',4,'36D'),
(318,'36DD',4,'36DD'),
(319,'36E',4,'36E'),
(320,'36F',4,'36F'),
(321,'36FF',4,'36FF'),
(322,'36G',4,'36G'),
(323,'36GG',4,'36GG'),
(324,'36H',4,'36H'),
(325,'36HH',4,'36HH'),
(326,'36I',4,'36I'),
(327,'36II',4,'36II'),
(328,'36J',4,'36J'),
(329,'36JJ',4,'36JJ'),
(330,'36K',4,'36K'),
(331,'36KK',4,'36KK'),
(332,'38A',4,'38A'),
(333,'38B',4,'38B'),
(334,'38C',4,'38C'),
(335,'38D',4,'38D'),
(336,'38DD',4,'38DD'),
(337,'38E',4,'38E'),
(338,'38F',4,'38F'),
(339,'38FF',4,'38FF'),
(340,'38G',4,'38G'),
(341,'38GG',4,'38GG'),
(342,'38H',4,'38H'),
(343,'38HH',4,'38HH'),
(344,'38I',4,'38I'),
(345,'38II',4,'38II'),
(346,'38J',4,'38J'),
(347,'38JJ',4,'38JJ'),
(348,'38K',4,'38K'),
(349,'38KK',4,'38KK'),
(350,'40A',4,'40A'),
(351,'40B',4,'40B'),
(352,'40C',4,'40C'),
(353,'40D',4,'40D'),
(354,'40DD',4,'40DD'),
(355,'40E',4,'40E'),
(356,'U40F',4,'40F'),
(357,'40FF',4,'40FF'),
(358,'40G',4,'40G'),
(359,'40GG',4,'40GG'),
(360,'40H',4,'40H'),
(361,'40HH',4,'40HH'),
(362,'40I',4,'40I'),
(363,'40II',4,'40II'),
(364,'40J',4,'40J'),
(365,'40JJ',4,'40JJ'),
(366,'40K',4,'40K'),
(367,'40KK',4,'40KK'),
(368,'42A',4,'42A'),
(369,'42B',4,'42B'),
(370,'42C',4,'42C'),
(371,'42D',4,'42D'),
(372,'42DD',4,'42DD'),
(373,'42E',4,'42E'),
(374,'42F',4,'42F'),
(375,'42FF',4,'42FF'),
(376,'42G',4,'42G'),
(377,'42GG',4,'42GG'),
(378,'42H',4,'42H'),
(379,'42HH',4,'42HH'),
(380,'42I',4,'42I'),
(381,'42II',4,'42II'),
(382,'42J',4,'42J'),
(383,'42JJ',4,'42JJ'),
(384,'42K',4,'42K'),
(385,'42KK',4,'42KK'),
(386,'65AA',4,'65AA'),
(387,'65A',4,'65A'),
(388,'65B',4,'65B'),
(389,'65C',4,'65C'),
(390,'65D',4,'65D'),
(391,'65DD',4,'65DD'),
(392,'65E',4,'65E'),
(393,'65F',4,'65F'),
(394,'70AA',4,'70AA'),
(395,'70A',4,'70A'),
(396,'70B',4,'70B'),
(397,'70C',4,'70C'),
(398,'70D',4,'70D'),
(399,'70DD',4,'70DD'),
(400,'70E',4,'70E'),
(401,'70F',4,'70F'),
(402,'75AA',4,'75AA'),
(403,'75A',4,'75A'),
(404,'75B',4,'75B'),
(405,'75C',4,'75C'),
(406,'75D',4,'75D'),
(407,'75DD',4,'75DD'),
(408,'75E',4,'75E'),
(409,'75F',4,'75F'),
(410,'80AA',4,'80AA'),
(411,'80A',4,'80A'),
(412,'80B',4,'80B'),
(413,'80C',4,'80C'),
(414,'80D',4,'80D'),
(415,'80DD',4,'80DD'),
(416,'80E',4,'80E'),
(417,'80F',4,'80F'),
(418,'85AA',4,'85AA'),
(419,'85A',4,'85A'),
(420,'85B',4,'85B'),
(421,'85C',4,'85C'),
(422,'85D',4,'85D'),
(423,'85DD',4,'85DD'),
(424,'85E',4,'85E'),
(425,'85F',4,'85F'),
(426,'90AA',4,'90AA'),
(427,'90A',4,'90A'),
(428,'90B',4,'90B'),
(429,'90C',4,'90C'),
(430,'90D',4,'90D'),
(431,'90DD',4,'90DD'),
(432,'90E',4,'90E'),
(433,'90F',4,'90F'),
(434,'0',5,'0'),
(435,'0.25',5,'1/4'),
(436,'0.5',5,'1/2'),
(437,'0.75',5,'3/4'),
(438,'1',5,'1'),
(439,'1.25',5,'1 1/4'),
(440,'1.5',5,'1 1/2'),
(441,'1.75',5,'1 3/4'),
(442,'2',5,'2'),
(443,'2.25',5,'2 1/4'),
(444,'2.5',5,'2 1/2'),
(445,'2.75',5,'2 3/4'),
(446,'3',5,'3'),
(447,'3.25',5,'3 1/4'),
(448,'3.5',5,'3 1/2'),
(449,'3.75',5,'3 3/4'),
(450,'4',5,'4'),
(451,'4.25',5,'4 1/4'),
(452,'4.5',5,'4 1/2'),
(453,'4.75',5,'4 3/4'),
(454,'5',5,'5'),
(455,'5.25',5,'5 1/4'),
(456,'5.5',5,'5 1/2'),
(457,'5.75',5,'5 3/4'),
(458,'6',5,'6'),
(459,'6.25',5,'6 1/4'),
(460,'6.5',5,'6 1/2'),
(461,'6.75',5,'6 3/4'),
(462,'7',5,'7'),
(463,'7.25',5,'7 1/4'),
(464,'7.5',5,'7 1/2'),
(465,'7.75',5,'7 3/4'),
(466,'8',5,'8'),
(467,'8.25',5,'8 1/4'),
(468,'8.5',5,'8 1/2'),
(469,'8.75',5,'8 3/4'),
(470,'9',5,'9'),
(471,'9.25',5,'9 1/4'),
(472,'9.5',5,'9 1/2'),
(473,'9.75',5,'9 3/4'),
(474,'10',5,'10'),
(475,'10.25',5,'10 1/4'),
(476,'10.5',5,'10 1/2'),
(477,'10.75',5,'10 3/4'),
(478,'11',5,'11'),
(479,'11.25',5,'11 1/4'),
(480,'11.5',5,'11 1/2'),
(481,'11.75',5,'11 3/4'),
(482,'12',5,'12'),
(483,'12.25',5,'12 1/4'),
(484,'12.5',5,'12 1/2'),
(485,'12.75',5,'12 3/4'),
(486,'13',5,'13'),
(487,'13.25',5,'13 1/4'),
(488,'13.5',5,'13 1/2'),
(489,'13.75',5,'13 3/4'),
(490,'14',5,'14'),
(491,'14.25',5,'14 1/4'),
(492,'14.5',5,'14 1/2'),
(493,'14.75',5,'14 3/4'),
(494,'15',5,'15'),
(495,'15.25',5,'15 1/4'),
(496,'15.5',5,'15 1/2'),
(497,'15.75',5,'15 3/4'),
(498,'16',5,'16'),
(499,'17',5,'17'),
(500,'18',5,'18'),
(501,'19',5,'19'),
(502,'20',5,'20'),
(503,'21',5,'21'),
(504,'A',5,'A'),
(505,'A.5',5,'A 1/2'),
(506,'B',5,'B'),
(507,'B.5',5,'B 1/2'),
(508,'C',5,'C'),
(509,'C.5',5,'C 1/2'),
(510,'D',5,'D'),
(511,'D.5',5,'D 1/2'),
(512,'E',5,'E'),
(513,'E.5',5,'E 1/2'),
(514,'F',5,'F'),
(515,'F.5',5,'F 1/2'),
(516,'G',5,'G'),
(517,'G.5',5,'G 1/2'),
(518,'H',5,'H'),
(519,'H.5',5,'H 1/2'),
(520,'I',5,'I'),
(521,'J',5,'J'),
(522,'J.5',5,'J 1/2'),
(523,'K',5,'K'),
(524,'K.5',5,'K 1/2'),
(525,'L',5,'L'),
(526,'L.5',5,'L 1/2'),
(527,'M',5,'M'),
(528,'M.5',5,'M 1/2'),
(529,'N',5,'N'),
(530,'N.5',5,'N 1/2'),
(531,'O',5,'O'),
(532,'O.5',5,'O 1/2'),
(533,'P',5,'P'),
(534,'P.5',5,'P 1/2'),
(535,'Q',5,'Q'),
(536,'Q.5',5,'Q 1/2'),
(537,'R',5,'R'),
(538,'R.5',5,'R 1/2'),
(539,'S',5,'S'),
(540,'S.5',5,'S 1/2'),
(541,'T',5,'T'),
(542,'T.5',5,'T 1/2'),
(543,'U',5,'U'),
(544,'U.5',5,'U 1/2'),
(545,'V',5,'V'),
(546,'V.5',5,'V 1/2'),
(547,'W',5,'W'),
(548,'W.5',5,'W 1/2'),
(549,'X',5,'X'),
(550,'X.5',5,'X 1/2'),
(551,'Y',5,'Y'),
(552,'Z',5,'Z'),
(553,'Z.5',5,'Z 1/2'),
(554,'Z1',5,'Z1'),
(555,'Z2',5,'Z2'),
(556,'Z3',5,'Z3'),
(557,'Z4',5,'Z4');








