-- MySQL dump 10.16  Distrib 10.1.7-MariaDB, for debian-linux-gnu (x86_64)
--
-- Host: localhost    Database: maymay
-- ------------------------------------------------------
-- Server version	10.1.7-MariaDB-1~trusty-log

/*!40101 SET @OLD_CHARACTER_SET_CLIENT=@@CHARACTER_SET_CLIENT */;
/*!40101 SET @OLD_CHARACTER_SET_RESULTS=@@CHARACTER_SET_RESULTS */;
/*!40101 SET @OLD_COLLATION_CONNECTION=@@COLLATION_CONNECTION */;
/*!40101 SET NAMES utf8 */;
/*!40103 SET @OLD_TIME_ZONE=@@TIME_ZONE */;
/*!40103 SET TIME_ZONE='+00:00' */;
/*!40014 SET @OLD_UNIQUE_CHECKS=@@UNIQUE_CHECKS, UNIQUE_CHECKS=0 */;
/*!40014 SET @OLD_FOREIGN_KEY_CHECKS=@@FOREIGN_KEY_CHECKS, FOREIGN_KEY_CHECKS=0 */;
/*!40101 SET @OLD_SQL_MODE=@@SQL_MODE, SQL_MODE='NO_AUTO_VALUE_ON_ZERO' */;
/*!40111 SET @OLD_SQL_NOTES=@@SQL_NOTES, SQL_NOTES=0 */;

--
-- Table structure for table `Brand`
--

DROP TABLE IF EXISTS `Brand`;
/*!40101 SET @saved_cs_client     = @@character_set_client */;
/*!40101 SET character_set_client = utf8 */;
CREATE TABLE `Brand` (
  `BrandId` int(11) NOT NULL AUTO_INCREMENT,
  `BrandNameInvariant` varchar(50) DEFAULT NULL,
  `BrandCode` varchar(50) DEFAULT '0',
  `BrandSubdomain` varchar(50) NOT NULL,
  `IsListedBrand` tinyint(4) NOT NULL DEFAULT '0',
  `IsFeaturedBrand` tinyint(4) NOT NULL DEFAULT '0',
  `IsRecommendedBrand` tinyint(4) NOT NULL DEFAULT '0',
  `IsSearchable` tinyint(4) NOT NULL DEFAULT '0',
  `HeaderLogoImage` varchar(255) DEFAULT NULL,
  `SmallLogoImage` varchar(255) DEFAULT NULL,
  `LargeLogoImage` varchar(255) DEFAULT NULL,
  `ProfileBannerImage` varchar(255) DEFAULT NULL,
  `BrandDescInvariant` varchar(255) DEFAULT NULL,
  `StatusId` int(11) NOT NULL,
  PRIMARY KEY (`BrandId`)
) ENGINE=InnoDB AUTO_INCREMENT=18 DEFAULT CHARSET=utf8;
/*!40101 SET character_set_client = @saved_cs_client */;

--
-- Dumping data for table `Brand`
--

LOCK TABLES `Brand` WRITE;
/*!40000 ALTER TABLE `Brand` DISABLE KEYS */;
INSERT INTO `Brand` VALUES (0,'---','0','0',0,0,0,0,'','','','',NULL,2),(1,'5 CM','5CM','5cm',1,1,1,1,'34c65bdb91c2b9f7511cc8a1c02516f5','379dfa68be64e22ce208549d0af3d1cf','6f8f8c808f1db42382f967e007325858','438a514e19f8504ba7589c85eabfdd69','Launched in 1998 as one of I.T’s house brands, 5cm is the very incarnation of moody and nocturnal aesthetics with both high-end men’s and ladies’ offerings, which mesmerize devotees with its slender, blackened silhouettes and grunge androgynous decadency.',2),(2,'Kate Spade','KATESPADE','katespade',1,1,1,1,'8e7fe5aa8f199829d3e49a59f2d17887','5a7160e9c2f2fc2ef3b13e8b628f49c8','6d8410e3145800d2085a8ce816857c1a','81a7f250fdc94e7ef45de811056560b7','It all started back in 1993, when kate brosnahan spade, a former accessories editor at mademoiselle, set out to design the perfect handbag. debuting with just six silhouettes, she combined sleek, utilitarian shapes and colorful palettes in an entirely new',2),(3,'Tudor','TUDOR','tudor',1,1,1,1,'3e6757bd2152331428d0b759a8623509','2f37b426b688c38fefd4e3115d74aa7b','5e2981049b78874c783bdaf6714d1bd4','873b380e59331feb0bec88e809b68142','In 1905 Wilsdorf launched his own company in England and started producing high quality watches. Then in 1908, he registered the \"Rolex\" brand in La Chaux-de-Fonds Switzerland. The company remained in England fifteen years approximately and in 1920 moved ',2),(4,'Juicy Couture','JUICYCONTUNE','JUICYCONTUNE',1,1,1,1,'','','','','Juicy Couture embraces the bright and glamorous fun of its Los Angeles heritage by discovering the couture in the everyday, and delivering an element of surprise in all its designs—fashion apparel for women, girls and baby, handbags, shoes, intimates, swi',2),(5,'Prada','PRADA','parda',1,1,1,1,'d73747855c047cddc74b89ead85afdc1','a8c90004215c982e64c44239e6611414','93e527ee7c04a1fca120bb7538b6ff1a','511216c2bc4a9eb4d84d0307af0a350b','\"Careful observation of and curiosity about the world, society, and culture are at the core of Prada’s creativity and modernity. This pursuit has pushed Prada beyond the physical limitations of boutiques and showrooms, provoked an interaction with differe',2),(6,'Superdry','SUPERDRY','superdry',1,1,1,1,'d8771d1ac3474a23b40fce0dc163b9b6','92b7db0fd9a34fae4cae1ae7249772a5','25b656c80ab23b17624240f89ab03938','b6daa1ed49d394f465fd465bfb8fff22','Superdry is an exciting contemporary brand which focuses on high-quality products that fuse vintage Americana and Japanese-inspired graphics with a British style. They are characterised by quality fabrics, authentic vintage washes, unique detailing, world',2),(7,'TAG Heuer','TAGHEUER','tagheuer',1,1,1,1,'48d0a56f3c9000ba0c135974756fa4d5','2410432fb22a5b78dcdbebf168622f9b','e8d9d76e9e09f64d9205c446247c5f63','371deab6b24e52ab313987b875f657f1','For more than 150 years, TAG Heuer has faced down every challenge, and then pushed past it. By defying the time-honored conventions of Swiss watchmaking, it has led it to ever higher levels of precision and performance. It makes its own rules, chooses its',2),(8,'G2000','G2000','g2000',1,1,1,1,'638901f46df75e5cbf417f0aa2bcc8d6','d26503c6b7ad8b39a54f7029c13cbbbb','9ea5fa48d905cccec4cefa9ce83b87f7','4184088c1d7eb5ce600befda00e58e00','Our Mission: To be the apparel market leader by providing mass appeal but fashionable merchandise offering superior value to customers. Through the talents and teamwork of our people, we are committed to providing our customers with the ultimate shopping ',2),(9,'Paul  Shark','PAULSHARK','paulshark',1,1,1,1,'2d7aa83aa1660cd7797c4073266de017','6217e933ab0845c43298308f5b39dc0b','3daddf60015ca0ff9f9bc2861c2716da','34a328a6a01fb0c3140e3ddd07f3c061','Founded in 1975 by the Dini family, Paul & Shark is today synonymous with Italian elegance and style, with its Men\'s, Women\'s, Children\'s and Accessories collections available in 73 different countries.\n\nOn 4 March 1957 the \"Maglificio Daco\" mill, founded',2),(10,'Jimmy Choo','JIMMYCHOO','jimmychoo',1,1,1,1,'','','','','Jimmy Choo is a 21st century luxury accessories brand, with shoes at its heart, offering an empowered sense of glamour and a playfully daring spirit.\n\nThe brand traces its roots to a bespoke shoemaker named Jimmy Choo, based in the East End of London in t',2),(11,'Burberry','BURBERRY','burberry',1,1,1,1,'5a2dc9493135fd27f66962fc3b9852bf','3cc91889aed78c74fedb330657595564','96f2ec2ecccae67c20e6b2b9618631b8','fb0f977c7f9eebf752c6ff48ee3d74b7','The Company designs, makes, sources and sells products under the Burberry brand. Product design and development are centred in Burberry’s London headquarters. Fabrics and other materials are bought from, and finished products manufactured at, both Company',2),(12,'Tiffany','TIFFANY','tiffany',1,1,1,1,'eb2307d66b9699f042f7d0ed0bd7d79b','0d44c83a933b4f247a23637b4b31198f','816428099816749daae9ab16f95b6480','2f1c2b0eba958af68b172964d720cc98','Jean Schlumberger’s witty and exciting designs made him a darling of the Parisian creative circles. Hired by Elsa Schiaparelli, the famed couturier, to create jewelry for her collections, he rose to become the most acclaimed jewelry designer of his time. ',2),(13,'Cartier','CARTIER','cartier',1,1,1,1,'5dc8d43889fe583d0569d3a77e7cf515','6e1c8fde09510b98aefd7becef135103','9f9361411b96d390b6bb785abfbc9537','b29cda906cceee3c6da0c19c9a98d250','Société Cartier designs, manufactures, distributes and sells jewellery and watches. Founded in Paris, France in 1847 by Louis-François Cartier, the company remained under family control until 1964. The company maintains its headquarters in Paris and is no',2),(14,'Louis Vuitton','LV','lv',1,1,1,1,'950cab3c3187c15e72bc02f2338e6930','a0563c62c37b1261e90bcc3d764eeaa5','9a5e06e8a613136066fecb05bf2eccd4','8984a7b43f3bf927d105dade60693c03','When he was only sixteen years old, Louis Vuitton made a decision that would not only change his own life but the lives of his sons and future generations, he would become a trunk maker.\n\nBoth a family residence and the cradle of the company, the Asnières',2),(15,'Dolce & Gabbana','DOLCEGABBANA','dolcegabbana',1,1,1,1,'0d81ad616081db6db173a9f007994f38','09e2474559c07eaf6cd92691bc76c910','6de3340c853f8c2bb8050f2f926fe0c4','5f02fdb468d078a38c24b986d49d45ea','Business is like a man rowing a boat upstream. He has no choice; he must go ahead or he will go back.\n\nDolce and Gabbana is a famous fashion house in Milan, Italy. The company was founded in the year 1985 by two designers, Domenico Dolce and Stefano Gabba',2),(16,'L\'OCCITANE','LOCCITANE','loccitane',1,1,1,1,'c7676de10ea156604d67a2071bafbe87','17f180d2fe24e8ec8019a35bea9c8934','57ce439672fec40edbbcda9d31e6f6da','07d5d3d33a873b7db7aeb5bd7647c675','',2);

INSERT INTO `Brand` (`BrandId`, `BrandNameInvariant`, `BrandCode`, `BrandSubdomain`, `StatusId`) VALUES
(58, "Brooks Brothers", "BROOKSBROTHERS", "brooksbrothers", 2);
/*!40000 ALTER TABLE `Brand` ENABLE KEYS */;
UNLOCK TABLES;

--
-- Table structure for table `BrandCulture`
--

DROP TABLE IF EXISTS `BrandCulture`;
/*!40101 SET @saved_cs_client     = @@character_set_client */;
/*!40101 SET character_set_client = utf8 */;
CREATE TABLE `BrandCulture` (
  `BrandCultureId` int(11) NOT NULL AUTO_INCREMENT,
  `BrandId` int(11) DEFAULT NULL,
  `CultureCode` varchar(50) DEFAULT NULL,
  `BrandName` varchar(50) DEFAULT NULL,
  `BrandDesc` varchar(255) DEFAULT NULL,
  PRIMARY KEY (`BrandCultureId`)
) ENGINE=InnoDB AUTO_INCREMENT=52 DEFAULT CHARSET=utf8;
/*!40101 SET character_set_client = @saved_cs_client */;

--
-- Dumping data for table `BrandCulture`
--

LOCK TABLES `BrandCulture` WRITE;
/*!40000 ALTER TABLE `BrandCulture` DISABLE KEYS */;
INSERT INTO `BrandCulture` VALUES (1,0,'EN','---',NULL),(2,0,'CHT','---',NULL),(3,0,'CHS','---',NULL),(4,2,'EN','Kate Spade','It all started back in 1993, when kate brosnahan spade, a former accessories editor at mademoiselle, set out to design the perfect handbag. debuting with just six silhouettes, she combined sleek, utilitarian shapes and colorful palettes in an entirely new'),(5,2,'CHT','凱特·絲蓓','凯特·丝蓓 (kate spade new york) 创立于1993年，以简洁灵动的造型，鲜亮大胆的颜色以及活泼有趣的生活态度风靡时尚之都纽约。它用活力无限的大胆色调表现出凯特·丝蓓 (kate spade new york) 女孩内心对于未来的美好憧憬和无所畏惧。\n\n凯特·丝蓓手提袋 (Kate Spade Handbags) 系列以具经典外形的手袋为基本，配上缎子质面的尼龙  (satin-finished nylon) 来制造，更或是，配上其他意想不到的颜色及布料来制作。出来的效果虽惊喜万分，可是'),(6,2,'CHS','凯特·丝蓓','凱特·絲蓓(kate spade new york) 創立於1993年，以簡潔靈動的造型，鮮亮大膽的顏色以及活潑有趣的生活態度風靡時尚之都紐約。它用活力無限的大膽色調表現出凱特·絲蓓(kate spade new york) 女孩內心對於未來的美好憧憬和無所畏懼。\n\n凱特·絲蓓手提袋(Kate Spade Handbags) 系列以具經典外形的手袋為基本，配上緞子質面的尼龍(satin-finished nylon) 來製造，更或是，配上其他意想不到的顏色及布料來製作。出來的效果雖驚喜萬分，可是在保守的高'),(7,3,'EN','Tudor','In 1905 Wilsdorf launched his own company in England and started producing high quality watches. Then in 1908, he registered the \"Rolex\" brand in La Chaux-de-Fonds Switzerland. The company remained in England fifteen years approximately and in 1920 moved '),(8,3,'CHT','帝舵','帝舵(Tudor) 意為英國的都鐸王朝(1485－1603) ，那是英國歷史上最輝煌的時代之一，最後一任君主是女王伊麗莎白一世，聲譽顯赫。Tudor的中文名被譯為“帝舵，從而也就有了十足的王者氣派。 1455-1485年，英國貴族中的蘭加斯特家族與約克家族為爭奪王位混戰，由於一方的族徽上有一朵紅玫瑰，另一方的族徽上有一朵白玫瑰，所以這場戰爭又被稱為“玫瑰戰爭”。\n\n1485年，“玫瑰戰爭”結束，亨利·都鐸奪得王位，是為都鐸王朝的開始。 1603年，都鐸王朝的最後一位君主伊麗莎白女王去世，都鐸王朝結束。這一'),(9,3,'CHS','帝舵','帝舵 (Tudor) 意为英国的都铎王朝 (1485－1603) ，那是英国历史上最辉煌的时代之一，最后一任君主是女王伊丽莎白一世，声誉显赫。Tudor的中文名被译为“帝舵，从而也就有了十足的王者气派。1455-1485年，英国贵族中的兰加斯特家族与约克家族为争夺王位混战，由于一方的族徽上有一朵红玫瑰，另一方的族徽上有一朵白玫瑰，所以这场战争又被称为“玫瑰战争”。\n1485年，“玫瑰战争”结束，亨利·都铎夺得王位，是为都铎王朝的开始。1603年，都铎王朝的最后一位君主伊丽莎白女王去世，都铎王朝结束。这一百'),(10,4,'EN','Juicy Couture','Juicy Couture embraces the bright and glamorous fun of its Los Angeles heritage by discovering the couture in the everyday, and delivering an element of surprise in all its designs—fashion apparel for women, girls and baby, handbags, shoes, intimates, swi'),(11,4,'CHT','橘滋','Juicy Couture 是由Pamela Skaist-Levy 和Gela Taylor 於1997年所創立，是為女性提供性感精緻服飾的高級設計師、市場推廣專家和經銷商，現已是世界各地公認的著名現代時尚休閒服飾品牌。突出的服飾線條設計、定價、獨家經銷方式和各界名人的忠實支持都在雕塑品牌上扮演重要的角色。 2003年，Juicy由LIZ CLAIBORNE Inc. 收購，建立了獨特而難得的伙伴關係。在該年年底，Juicy 推出男裝及童裝系列。 2004年，Juicy推出配飾和泳裝系列，且在拉斯維加斯'),(12,4,'CHS','橘滋','Juicy Couture 是由 Pamela Skaist-Levy 和 Gela Taylor 于1997年所创立，是为女性提供性感精致服饰的高级设计师、市场推广专家和经销商，现已是世界各地公认的著名现代时尚休闲服饰品牌。突出的服饰线条设计、定价、独家经销方式和各界名人的忠实支持都在雕塑品牌上扮演重要的角色。2003年，Juicy由LIZ CLAIBORNE Inc. 收购，建立了独特而难得的伙伴关系。在该年年底，Juicy 推出男装及童装系列。2004年，Juicy推出配饰和泳装系列，且在拉斯维加斯'),(13,5,'EN','Prada','\"Careful observation of and curiosity about the world, society, and culture are at the core of Prada’s creativity and modernity. This pursuit has pushed Prada beyond the physical limitations of boutiques and showrooms, provoked an interaction with differe'),(14,5,'CHT','普拉達','普拉達(Prada)是意大利著名的奢侈品品牌，普拉達(Prada)的歷史起源於1913年，而且是以製造高級皮革製品起家的。普拉達(Prada)非常重視產品品質，普拉達(Prada)的所有時裝配飾都是在意大利水準最高的工廠製作的，這也就是為什麼穿戴上普拉達(Prada)產品會感到舒適無比的原因。儘管強調品牌風格年輕化，但品質與耐用的水準依舊，特別注重完整的售後服​​務，這也是以高級皮革製品起家的普拉達(Prada)，至今仍講究的傳統。\n\nPrada於1913年創辦首家精品店。 1978年，這個歷史悠久的著名'),(15,5,'CHS','普拉达','普拉达(Prada)是意大利著名的奢侈品品牌，普拉达(Prada)的历史起源于1913年，而且是以制造高级皮革制品起家的。普拉达(Prada)非常重视产品品质，普拉达(Prada)的所有时装配饰都是在意大利水准最高的工厂制作的，这也就是为什么穿戴上普拉达(Prada)产品会感到舒适无比的原因。尽管强调品牌风格年轻化，但品质与耐用的水准依旧，特别注重完整的售后服务，这也是以高级皮革制品起家的普拉达(Prada)，至今仍讲究的传统。\n\nPrada于1913年创办首家精品店。1978年，这个历史悠久的著名品牌被'),(16,6,'EN','Superdry','Superdry is an exciting contemporary brand which focuses on high-quality products that fuse vintage Americana and Japanese-inspired graphics with a British style. They are characterised by quality fabrics, authentic vintage washes, unique detailing, world'),(17,6,'CHT','極度乾燥','Superdry創建於2003年。 Superdry是純英國製造，加入日本街頭風格及日文，常常讓人誤以為是日本的牌，以成為一個致力於高質量方向產品品牌。到目前為止，Superdry已經在全球超過20個國家銷售。\n\nSuperdry/極度乾燥品牌的核心理念是價格公道。同時對細節精雕細琢。由於對於具有標誌性意義的美洲文化的熱愛對英式超凡剪裁技藝的崇尚。 Superdry致力於創造“屬於未來經典”的服裝作品。極富個性的外形、人衣合一的特點、優秀的面料、獨特的懷舊效果以及出色的品牌化策略和服裝設計風格令Super'),(18,6,'CHS','极度干燥','Superdry创建于2003年。superdry是纯英国制造，加入日本街头风格及日文，常常让人误以为是日本的牌，以成为一个致力于高质量方向产品品牌。到目前为止，Superdry已经在全球超过20个国家销售。\n\nSuperdry/极度干燥品牌的核心理念是价格公道。同时对细节精雕细琢。由于对于具有标志性意义的美洲文化的热爱对英式超凡剪裁技艺的崇尚。Superdry致力于创造“属于未来经典”的服装作品。极富个性的外形、人衣合一的特点、优秀的面料、独特的怀旧效果以及出色的品牌化策略和服装设计风格令Superdr'),(19,7,'EN','TAG Heuer','For more than 150 years, TAG Heuer has faced down every challenge, and then pushed past it. By defying the time-honored conventions of Swiss watchmaking, it has led it to ever higher levels of precision and performance. It makes its own rules, chooses its'),(20,7,'CHT','泰格豪雅','TAG Heuer(泰格豪雅)自1860年創立以來，一直被譽為瑞士前衛精準製表典範，隸屬於全球最大的奢侈品集團——路威酩軒集團(LVMH)，是全球奢侈腕錶銷量前五的腕錶品牌。作為瑞士製表業的百年先驅， TAG Heuer(泰格豪雅)堅持創造精確的計時工具和精美絕倫的腕錶，如今已擁有2枚自產機芯與4座製表工坊，並且已實現微型刀片代替游絲、用皮帶代替齒輪、計時精確度達5/10000秒、雙陀飛輪計時器、磁力驅動代替游絲等眾多成就。2012年，TAG Heuer(泰格豪雅)憑藉可精確至5/10000秒的CARRE'),(21,7,'CHS','泰格豪雅','TAG Heuer(泰格豪雅)自1860年创立以来，一直被誉为瑞士前卫精准制表典范，隶属于全球最大的奢侈品集团——路威酩轩集团(LVMH)，是全球奢侈腕表销量前五的腕表品牌。作为瑞士制表业的百年先驱， TAG Heuer(泰格豪雅)坚持创造精确的计时工具和精美绝伦的腕表，如今已拥有2枚自产机芯与4座制表工坊，并且已实现微型刀片代替游丝、用皮带代替齿轮、计时精确度达5/10000秒、双陀飞轮计时器、磁力驱动代替游丝等众多成就。2012年，TAG Heuer(泰格豪雅)凭借可精确至5/10000秒的CARRE'),(22,8,'EN','G2000','Our Mission: To be the apparel market leader by providing mass appeal but fashionable merchandise offering superior value to customers. Through the talents and teamwork of our people, we are committed to providing our customers with the ultimate shopping '),(23,8,'CHT','縱橫二千','G2000於1985年創立(名稱源自縱橫二千集團前英文名稱Generation 2000 Limited)，並於市場定位為專業服裝連鎖店，全力銷售時尚潮流男女行政服飾。\n\n縱橫二千之零售店及產品均不斷創新，並在市場上獲得一致的良好口碑。集團會連續這方向，包括招攬本地及國外之專才，將創新之潮流，適當地溶入大眾化之商品上。此外，透過商品資訊架構，集團亦會緊貼並掌握不同區域或店鋪之顧客需要，從而供應特別設計之商品，以滿足不同顧客的需求。\n\nG2000男裝從低年齡段的中性化過渡至高年齡段的簡約休閒，有中性收斂的鮮'),(24,8,'CHS','纵横二千','G2000于1985年创立(名称源自纵横二千集团前英文名称 Generation 2000 Limited)，并于市场定位为专业服装连锁店，全力销售时尚潮流男女行政服饰。\n\n纵横二千之零售店及产品均不断创新，并在市场上获得一致的良好口碑。集团会连续这方向，包括招揽本地及国外之专才，将创新之潮流，适当地溶入大众化之商品上。此外，透过商品资讯架构，集团亦会紧贴并掌握不同区域或店铺之顾客需要，从而供应特别设计之商品，以满足不同顾客的需求。\n\nG2000男装从低年龄段的中性化过渡至高年龄段的简约休闲，有中性收敛的'),(25,9,'EN','Paul & Shark','Founded in 1975 by the Dini family, Paul & Shark is today synonymous with Italian elegance and style, with its Men\'s, Women\'s, Children\'s and Accessories collections available in 73 different countries.\n\nOn 4 March 1957 the \"Maglificio Daco\" mill, founded'),(26,9,'CHT','Paul & Shark','\"出生於1901年的吉安‧魯多維柯‧迪尼(Gian Ludovico Dini)，是來自Camaiore, Tuscany（托斯卡納）的化學家。迪尼(Dini)從University of Bologna(博洛尼亞大學)畢業後曾於科摩印刷公司任職，當時迪尼(Dini)對於紡織行業並沒有認識。他得知有一家擁有優良傳統及技術的針織廠，正經歷業務困難的時期，那是坐落於Varese(瓦雷茲)郊外一個小鎮的Maglificio Dacò針織廠。\n\n多得Gian Ludovico Dini的幫助，該針織廠於1957年'),(27,9,'CHS','Paul & Shark','出生于1901年的吉安‧鲁多维柯‧迪尼(Gian Ludovico Dini)，是来自Camaiore, Tuscany（托斯卡纳）的化学家。迪尼(Dini)从University of Bologna(博洛尼亚大学)毕业后曾于科摩印刷公司任职，当时迪尼(Dini)对于纺织行业并没有认识。他得知有一家拥有优良传统及技术的针织厂，正经历业务困难的时期，那是坐落于Varese(瓦雷兹)郊外一个小镇的Maglificio Dacò针织厂。\n\n多得Gian Ludovico Dini的帮助，该针织厂于1957年3'),(28,10,'EN','Jimmy Choo','Jimmy Choo is a 21st century luxury accessories brand, with shoes at its heart, offering an empowered sense of glamour and a playfully daring spirit.\n\nThe brand traces its roots to a bespoke shoemaker named Jimmy Choo, based in the East End of London in t'),(29,10,'CHT','幾米•周','\"Jimmy Choo乃一素以魅力十足，极具自信及风格别树一帜而驰名的尊贵时尚生活品牌。\n\n品牌源于由订制鞋履巧匠周仰杰先生（Jimmy Choo）于1990年代初于伦敦东区创立的订制鞋业务。当时的顾客以世界各地名人为主，当中更包括已故英国王妃黛安娜。Jimmy Choo的品牌公司于1996年正式成立。当时仍在英国版《时尚（Vogue）》任职时尚配饰编辑的大英帝国官佐勋章（OBE）得主塔玛拉·梅隆（Tamara Mello），因发现了周仰杰先生的才华及高档鞋履市场的无限商机，而决定与他共同创立Jimmy '),(30,10,'CHS','吉米• 周','Jimmy Choo乃一素以魅力十足，极具自信及风格别树一帜而驰名的尊贵时尚生活品牌。\n\n品牌源于由订制鞋履巧匠周仰杰先生（Jimmy Choo）于1990年代初于伦敦东区创立的订制鞋业务。当时的顾客以世界各地名人为主，当中更包括已故英国王妃黛安娜。Jimmy Choo的品牌公司于1996年正式成立。当时仍在英国版《时尚（Vogue）》任职时尚配饰编辑的大英帝国官佐勋章（OBE）得主塔玛拉·梅隆（Tamara Mello），因发现了周仰杰先生的才华及高档鞋履市场的无限商机，而决定与他共同创立Jimmy C'),(31,11,'EN','Burberry','The Company designs, makes, sources and sells products under the Burberry brand. Product design and development are centred in Burberry’s London headquarters. Fabrics and other materials are bought from, and finished products manufactured at, both Company'),(32,11,'CHT','Burberry','BURBERRY 這個品牌是由 Thomas Burberry 先生於1856年在倫敦的Basingstoke經營一家服飾店開始。 他由農民穿著用來耕作時防污的外衣靈感而來，發明了一種既防水又耐久的優良素材，名為“Gabardine”，並於1888年取得專利。1911年人類初次造訪南極點時所用的禦寒外衣、和1914年第一次世界大戰，\n\n英國陸海軍正式採用的Trench Coat，均為此素材。Burberry Coat (Burberry風衣). 又因各國元首和各領域的名人等愛用的關係，名聲一躍千里。 甚至'),(33,11,'CHS','Burberry','BURBERRY 這個品牌是由 Thomas Burberry 先生於1856年在倫敦的Basingstoke經營一家服飾店開始。 他由農民穿著用來耕作時防污的外衣靈感而來，發明了一種既防水又耐久的優良素材，名為“Gabardine”，並於1888年取得專利。1911年人類初次造訪南極點時所用的禦寒外衣、和1914年第一次世界大戰，\n\n英國陸海軍正式採用的Trench Coat，均為此素材。Burberry Coat (Burberry風衣). 又因各國元首和各領域的名人等愛用的關係，名聲一躍千里。 甚至'),(34,12,'EN','Tiffany','Jean Schlumberger’s witty and exciting designs made him a darling of the Parisian creative circles. Hired by Elsa Schiaparelli, the famed couturier, to create jewelry for her collections, he rose to become the most acclaimed jewelry designer of his time. '),(35,12,'CHT','蒂芙尼','蒂芙尼（Tiffany & Co.）是一間於1837年開設的美國珠寶和銀飾公司。 1853年查爾斯·蒂芙尼掌握了公司的控制權，將公司名稱簡化為“蒂芙尼公司”（Tiffany & Co），公司也從此確立了以珠寶業為經營重點。蒂芙尼逐漸在全球各大城市建立分店。蒂芙尼制定了一套自己的寶石、鉑金標準，並被美國政府採納為官方標準。時至今日，蒂芙尼是全球中知名的奢侈品公司之一。其蒂芙尼藍色禮盒（Tiffany Blue Box）更成為美國洗練時尚獨特風格的標誌。\n\nTiffany自1837年成立以來，一直將設計富有驚'),(36,12,'CHS','蒂芙尼','蒂芙尼（Tiffany & Co.）是一间于1837年开设的美国珠宝和银饰公司。1853年查尔斯·蒂芙尼掌握了公司的控制权，将公司名称简化为“蒂芙尼公司”（Tiffany & Co），公司也从此确立了以珠宝业为经营重点。蒂芙尼逐渐在全球各大城市建立分店。蒂芙尼制定了一套自己的宝石、铂金标准，并被美国政府采纳为官方标准。时至今日，蒂芙尼是全球中知名的奢侈品公司之一。其蒂芙尼蓝色礼盒（Tiffany Blue Box）更成为美国洗练时尚独特风格的标志。\n\nTiffany自1837年成立以来，一直将设计富有惊世'),(37,13,'EN','Cartier','Société Cartier designs, manufactures, distributes and sells jewellery and watches. Founded in Paris, France in 1847 by Louis-François Cartier, the company remained under family control until 1964. The company maintains its headquarters in Paris and is no'),(38,13,'CHT','卡地亞','時年28歲的Louis-François Cartier於1847年，從其師傅手中接下位於巴黎市區Rue Montorgueil的珠寶工作坊（並在六年後推出品牌的第一隻懷錶）；1872年，Louis- François之子Alfred加入卡地亞，並建立鐘錶製作部門；1898年，Alfred讓長子Louis-Joseph成為事業合夥人，憑藉著過人創意，發想出許多別具傳奇性的錶款與珠寶配件。1899年，卡地亞進駐巴黎和平路13號(13, Rue de la Paix)，直到一百多年後的今天仍然屹立於此。爾後，'),(39,13,'CHS','卡地亞','时年28岁的Louis-François Cartier于1847年，从其师傅手中接下位于巴黎市区Rue Montorgueil的珠宝工作坊（并在六年后推出品牌的第一只怀表）；1872年，Louis- François之子Alfred加入卡地亚，并建立钟表制作部门；1898年，Alfred让长子Louis-Joseph成为事业合伙人，凭借着过人创意，发想出许多别具传奇性的表款与珠宝配件。 1899年，卡地亚进驻巴黎和平路13号(13, Rue de la Paix)，直到一百多年后的今天仍然屹立于此。尔后'),(40,14,'EN','Louis Vuitton','When he was only sixteen years old, Louis Vuitton made a decision that would not only change his own life but the lives of his sons and future generations, he would become a trunk maker.\n\nBoth a family residence and the cradle of the company, the Asnières'),(41,14,'CHT','路易·威登','\"路易·威登创立于1854年，现隶属于法国专产高级奢华用品的Moet Hennessy LouisVuitton集团。创始人路易·威登的第一份职业时为名流贵族出游时收拾行李。他见证了蒸汽火车的发明，也目睹了汽船运输的发展，同时也深深体会到当时收叠起圆顶皮箱的困难。\n\n于是，路易·威登革命性地创制了平顶皮衣箱，并在巴黎开了第一间店铺。就像今天一样，他的设计很快便被抄袭，平顶方形衣箱成为潮流。路易·威登的皮箱最先是以灰色帆布镶面，1896年，路易·威登的儿子乔治用父亲姓名中的简写L及V配合花朵图案，设计出到今'),(42,14,'CHS','路易·威登','路易·威登创立于1854年，现隶属于法国专产高级奢华用品的Moet Hennessy LouisVuitton集团。创始人路易·威登的第一份职业时为名流贵族出游时收拾行李。他见证了蒸汽火车的发明，也目睹了汽船运输的发展，同时也深深体会到当时收叠起圆顶皮箱的困难。\n\n于是，路易·威登革命性地创制了平顶皮衣箱，并在巴黎开了第一间店铺。就像今天一样，他的设计很快便被抄袭，平顶方形衣箱成为潮流。路易·威登的皮箱最先是以灰色帆布镶面，1896年，路易·威登的儿子乔治用父亲姓名中的简写L及V配合花朵图案，设计出到今天'),(43,15,'EN','Dolce & Gabbana','Business is like a man rowing a boat upstream. He has no choice; he must go ahead or he will go back.\n\nDolce and Gabbana is a famous fashion house in Milan, Italy. The company was founded in the year 1985 by two designers, Domenico Dolce and Stefano Gabba'),(44,15,'CHT','多爾切 加巴納','路易·威登創立於1854年，現隸屬於法國專產高級奢華用品的Moet Hennessy LouisVuitton集團。創始人路易·威登的第一份職業時為名流貴族出遊時收拾行李。他見證了蒸汽火車的發明，也目睹了汽船運輸的發展，同時也深深體會到當時收疊起圓頂皮箱的困難。\n\n於是，路易·威登革命性地創制了平頂皮衣箱，並在巴黎開了第一間店鋪。就像今天一樣，他的設計很快便被抄襲，平頂方形衣箱成為潮流。路易·威登的皮箱最先是以灰色帆布鑲面，1896年，路易·威登的兒子喬治用父親姓名中的簡寫L及V配合花朵圖案，設計出到今天'),(45,15,'CHS','多尔切 加巴纳','Domenico Dolce（多梅尼科·多尔切）和Stefano Gabbana（史蒂法诺·加巴纳）将他们的姓氏缔造成以魅力和多元化而著称世界的品牌。两位设计师同时也是一对高品位的同性恋人，他们将他们的意大利精神变成一面旗帜。两位设计师将他们感性而独特的风格演绎并推行到全球。两位年轻的设计师面向年轻人，并从年轻人身上撷取灵感。两位设计师深受好莱坞明星的青睐，是他们最喜爱的设计师；两位设计师为当今所有摇滚乐歌星设计服装，并获选为无可争议的设计先锋人物。\n\nDolce & Gabbana的女性是女强人，自爱并'),(46,16,'EN','L\'OCCITANE',''),(47,16,'CHT','欧舒丹','L\'OCCITANE en Provence 是天然、優質的美容護膚品及香氛品牌，於1976年由 Olivier Baussan 創立。Olivier 致力發掘普羅旺斯的傳統技術及天然成份，多年來創作出多款優秀產品，完全體現出地中海的傳統及價值觀，為消費者帶來身、心、靈的健康舒暢。 \n\n植根於普羅旺斯的 L\'OCCITANE，希望將法國南部美麗的色彩、芳香及傳統帶給世界各地的人。即使公司不斷發展，L\'OCCITANE 始終秉承舒適愉悅(Sensorality)、真實純淨(Authenticity)及關懷尊'),(48,16,'CHS','欧舒丹','L\'OCCITANE en Provence 是天然、优质的美容护肤品及香氛品牌，于1976年由Olivier Baussan 创立。 Olivier 致力发掘普罗旺斯的传统技术及天然成份，多年来创作出多款优秀产品，完全体现出地中海的传统及价值观，为消费者带来身、心、灵的健康舒畅。\n\n植根于普罗旺斯的L\'OCCITANE，希望将法国南部美丽的色彩、芳香及传统带给世界各地的人。即使公司不断发展，L\'OCCITANE 始终秉承舒适愉悦(Sensorality)、真实纯净(Authenticity)及关怀尊重('),(52,1,'EN','5 CM','Launched in 1998 as one of I.T’s house brands, 5cm is the very incarnation of moody and nocturnal aesthetics with both high-end men’s and ladies’ offerings, which mesmerize devotees with its slender, blackened silhouettes and grunge androgynous decadency.'),(53,1,'CHT','5 CM','\"IT旗下的自家品牌5cm，自1998年面世至今，設計概念一直以中性化服飾為主，以基本的剪裁配上令人耳目一新的色調，並將高級服的概念融入簡約低調的服飾當中，使品牌形象更見鮮明華麗。 5cm在誕生的第十週年首度推出女裝系列，延續品牌的中性硬朗風格，不規則線條和闊身剪裁效果令整個系列緊貼潮流又不失品牌個性。\n \n5cm一向著重剪裁和細節，尤其以修身、富立體感、多層次和垂墜款式見稱；品牌的「西裝系列」較常用帶有光暗對比的布料和剪影設計，配合多款時尚的設計元素，使系列整體的視覺效果更為豐富。著重自我創作及配搭來突'),(54,1,'CHS','5 CM','I.T旗下的自家品牌5cm，自1998年面世至今，设计概念一直以中性化服饰为主，以基本的剪裁配上令人耳目一新的色调，并将高级服的概念融入简约低调 的服饰当中，使品牌形象更见鲜明华丽。5cm在诞生的第十周年首度推出女装系列，延续品牌的中性硬朗风格，不规则线条和阔身剪裁效果令整个系列紧贴潮流又 不失品牌个性。\n \n5cm一向着重剪裁和细节，尤其以修身、富立体感、多层次和垂坠款式见称；品牌的「西装系列」较常用带有光暗对比的布料和剪影设计，配合多款时尚的设计元素，使系列整体的视觉效果更为丰富。着重自我创作及配搭来');

INSERT INTO `BrandCulture` (`BrandId`, `CultureCode`, `BrandName`) VALUES
	(58 ,'EN', 'Brooks Brothers'),
	(58, 'CHS', 'Brooks Brothers'),
	(58, 'CHT', 'Brooks Brothers');
/*!40000 ALTER TABLE `BrandCulture` ENABLE KEYS */;
UNLOCK TABLES;

--
-- Table structure for table `BrandImage`
--

DROP TABLE IF EXISTS `BrandImage`;
/*!40101 SET @saved_cs_client     = @@character_set_client */;
/*!40101 SET character_set_client = utf8 */;
CREATE TABLE `BrandImage` (
  `BrandImageId` int(11) NOT NULL AUTO_INCREMENT,
  `BrandId` int(11) NOT NULL,
  `ImageTypeCode` varchar(20) NOT NULL,
  `BrandImage` varchar(255) NOT NULL,
  `Position` int(11) DEFAULT NULL,
  PRIMARY KEY (`BrandImageId`)
) ENGINE=InnoDB AUTO_INCREMENT=15 DEFAULT CHARSET=utf8;
/*!40101 SET character_set_client = @saved_cs_client */;

--
-- Dumping data for table `BrandImage`
--

LOCK TABLES `BrandImage` WRITE;
/*!40000 ALTER TABLE `BrandImage` DISABLE KEYS */;
INSERT INTO `BrandImage` VALUES (1,3,'Desc','d0f464aaa6d7032f1c33504ef10d5b07',0),(2,3,'Desc','db9c5bf894b16bb3ddcab8342d674411',1),(3,3,'Desc','a167b8ab1bac1b6289310a68bdadd6e5',2),(4,5,'Desc','f51dd367c0458ceee8854f7cc2877c52',0),(5,5,'Desc','402a07790f5c56ece98db8c58042d890',1),(6,5,'Desc','ce0688eb731e51493245048eb07b7f2f',2),(7,7,'Desc','adbfc2203d7bd462af5552d59c133e94',0),(8,7,'Desc','cf6c22925186d6cb7084af011e71b07f',1),(9,7,'Desc','7246c61872257371489f76d048ee88c9',2),(10,9,'Desc','81af8faa72fe569d305df2233882a9e9',0),(11,12,'Desc','0503e46e7e39aa6a53e52e44fe102885',0),(12,12,'Desc','8ce1af2133f45ab353cbdc30ee41128b',1),(13,14,'Desc','ef167f7a8ca0a6e265096aa7ce7a871c',0),(14,15,'Desc','b68fba9a4547d81af224a30c68dbce0f',0);
/*!40000 ALTER TABLE `BrandImage` ENABLE KEYS */;
UNLOCK TABLES;
/*!40103 SET TIME_ZONE=@OLD_TIME_ZONE */;

/*!40101 SET SQL_MODE=@OLD_SQL_MODE */;
/*!40014 SET FOREIGN_KEY_CHECKS=@OLD_FOREIGN_KEY_CHECKS */;
/*!40014 SET UNIQUE_CHECKS=@OLD_UNIQUE_CHECKS */;
/*!40101 SET CHARACTER_SET_CLIENT=@OLD_CHARACTER_SET_CLIENT */;
/*!40101 SET CHARACTER_SET_RESULTS=@OLD_CHARACTER_SET_RESULTS */;
/*!40101 SET COLLATION_CONNECTION=@OLD_COLLATION_CONNECTION */;
/*!40111 SET SQL_NOTES=@OLD_SQL_NOTES */;

-- Dump completed on 2015-12-22  7:43:52
